month,basket_id,sector,role,export_usd_mn,export_inr_cr,quantity,quantity_unit,hs_level_used,codes_summed,n_codes,vintage_flag,retrieval_date,source_file,notes
2018-04,B1_MOBILE,Electronics - telephone sets (HS 8517.1x proxy for the PLI-LSEM mobile-phone segment),CORE,26.65,,,,6,851711|851712|851713|851714|851718,3,R,2026-08-29,01_raw_data/raw_trade_data/meidb_hs6_extract_2026-08-29/panel_compact.csv,no-trade/absent: 851713|851714
2018-04,B2_PHARMA,Pharmaceutical formulations,CORE,990.19,,,,6,3003xx+3004xx,20,R,2026-08-29,01_raw_data/raw_trade_data/meidb_hs6_extract_2026-08-29/panel_compact.csv,
2018-04,B3_AC,Air conditioners,CORE,13.83,,,,6,8415xx,6,R,2026-08-29,01_raw_data/raw_trade_data/meidb_hs6_extract_2026-08-29/panel_compact.csv,
2018-04,B4_TEXTILE,MMF fabrics (PLI Textiles Annexure-II),ROBUSTNESS,71.22,,,,6,14 named codes,14,R,2026-08-29,01_raw_data/raw_trade_data/meidb_hs6_extract_2026-08-29/panel_compact.csv,
2018-04,C1_LEATHER,Leather goods,CONTROL,172.42,,,,6,Chapter 42,20,R,2026-08-29,01_raw_data/raw_trade_data/meidb_hs6_extract_2026-08-29/panel_compact.csv,
2018-04,C2_FOOTWEAR,Footwear,CONTROL,209.55,,,,6,Chapter 64,25,R,2026-08-29,01_raw_data/raw_trade_data/meidb_hs6_extract_2026-08-29/panel_compact.csv,
2018-04,C3_COTTON,Cotton woven fabrics,CONTROL,153.56,,,,6,5208-5212,70,R,2026-08-29,01_raw_data/raw_trade_data/meidb_hs6_extract_2026-08-29/panel_compact.csv,
2018-05,B1_MOBILE,Electronics - telephone sets (HS 8517.1x proxy for the PLI-LSEM mobile-phone segment),CORE,56.39,,,,6,851711|851712|851713|851714|851718,3,R,2026-08-29,01_raw_data/raw_trade_data/meidb_hs6_extract_2026-08-29/panel_compact.csv,no-trade/absent: 851713|851714
2018-05,B2_PHARMA,Pharmaceutical formulations,CORE,1046.5,,,,6,3003xx+3004xx,20,R,2026-08-29,01_raw_data/raw_trade_data/meidb_hs6_extract_2026-08-29/panel_compact.csv,
2018-05,B3_AC,Air conditioners,CORE,16.08,,,,6,8415xx,6,R,2026-08-29,01_raw_data/raw_trade_data/meidb_hs6_extract_2026-08-29/panel_compact.csv,
2018-05,B4_TEXTILE,MMF fabrics (PLI Textiles Annexure-II),ROBUSTNESS,73.89,,,,6,14 named codes,14,R,2026-08-29,01_raw_data/raw_trade_data/meidb_hs6_extract_2026-08-29/panel_compact.csv,
2018-05,C1_LEATHER,Leather goods,CONTROL,190.58,,,,6,Chapter 42,20,R,2026-08-29,01_raw_data/raw_trade_data/meidb_hs6_extract_2026-08-29/panel_compact.csv,
2018-05,C2_FOOTWEAR,Footwear,CONTROL,226.47,,,,6,Chapter 64,25,R,2026-08-29,01_raw_data/raw_trade_data/meidb_hs6_extract_2026-08-29/panel_compact.csv,
2018-05,C3_COTTON,Cotton woven fabrics,CONTROL,149.76,,,,6,5208-5212,70,R,2026-08-29,01_raw_data/raw_trade_data/meidb_hs6_extract_2026-08-29/panel_compact.csv,
2018-06,B1_MOBILE,Electronics - telephone sets (HS 8517.1x proxy for the PLI-LSEM mobile-phone segment),CORE,61.38,,,,6,851711|851712|851713|851714|851718,3,R,2026-08-29,01_raw_data/raw_trade_data/meidb_hs6_extract_2026-08-29/panel_compact.csv,no-trade/absent: 851713|851714
2018-06,B2_PHARMA,Pharmaceutical formulations,CORE,1134.57,,,,6,3003xx+3004xx,21,R,2026-08-29,01_raw_data/raw_trade_data/meidb_hs6_extract_2026-08-29/panel_compact.csv,
2018-06,B3_AC,Air conditioners,CORE,16.3,,,,6,8415xx,6,R,2026-08-29,01_raw_data/raw_trade_data/meidb_hs6_extract_2026-08-29/panel_compact.csv,
2018-06,B4_TEXTILE,MMF fabrics (PLI Textiles Annexure-II),ROBUSTNESS,66.15,,,,6,14 named codes,14,R,2026-08-29,01_raw_data/raw_trade_data/meidb_hs6_extract_2026-08-29/panel_compact.csv,
2018-06,C1_LEATHER,Leather goods,CONTROL,207.31,,,,6,Chapter 42,20,R,2026-08-29,01_raw_data/raw_trade_data/meidb_hs6_extract_2026-08-29/panel_compact.csv,
2018-06,C2_FOOTWEAR,Footwear,CONTROL,247.89,,,,6,Chapter 64,25,R,2026-08-29,01_raw_data/raw_trade_data/meidb_hs6_extract_2026-08-29/panel_compact.csv,
2018-06,C3_COTTON,Cotton woven fabrics,CONTROL,149.76,,,,6,5208-5212,70,R,2026-08-29,01_raw_data/raw_trade_data/meidb_hs6_extract_2026-08-29/panel_compact.csv,
2018-07,B1_MOBILE,Electronics - telephone sets (HS 8517.1x proxy for the PLI-LSEM mobile-phone segment),CORE,90.76,,,,6,851711|851712|851713|851714|851718,3,R,2026-08-29,01_raw_data/raw_trade_data/meidb_hs6_extract_2026-08-29/panel_compact.csv,no-trade/absent: 851713|851714
2018-07,B2_PHARMA,Pharmaceutical formulations,CORE,1005.56,,,,6,3003xx+3004xx,21,R,2026-08-29,01_raw_data/raw_trade_data/meidb_hs6_extract_2026-08-29/panel_compact.csv,
2018-07,B3_AC,Air conditioners,CORE,14.11,,,,6,8415xx,6,R,2026-08-29,01_raw_data/raw_trade_data/meidb_hs6_extract_2026-08-29/panel_compact.csv,
2018-07,B4_TEXTILE,MMF fabrics (PLI Textiles Annexure-II),ROBUSTNESS,60.03,,,,6,14 named codes,14,R,2026-08-29,01_raw_data/raw_trade_data/meidb_hs6_extract_2026-08-29/panel_compact.csv,
2018-07,C1_LEATHER,Leather goods,CONTROL,214.8,,,,6,Chapter 42,20,R,2026-08-29,01_raw_data/raw_trade_data/meidb_hs6_extract_2026-08-29/panel_compact.csv,
2018-07,C2_FOOTWEAR,Footwear,CONTROL,268.75,,,,6,Chapter 64,25,R,2026-08-29,01_raw_data/raw_trade_data/meidb_hs6_extract_2026-08-29/panel_compact.csv,
2018-07,C3_COTTON,Cotton woven fabrics,CONTROL,140.55,,,,6,5208-5212,70,R,2026-08-29,01_raw_data/raw_trade_data/meidb_hs6_extract_2026-08-29/panel_compact.csv,
2018-08,B1_MOBILE,Electronics - telephone sets (HS 8517.1x proxy for the PLI-LSEM mobile-phone segment),CORE,102.19,,,,6,851711|851712|851713|851714|851718,3,R,2026-08-29,01_raw_data/raw_trade_data/meidb_hs6_extract_2026-08-29/panel_compact.csv,no-trade/absent: 851713|851714
2018-08,B2_PHARMA,Pharmaceutical formulations,CORE,1230.39,,,,6,3003xx+3004xx,21,R,2026-08-29,01_raw_data/raw_trade_data/meidb_hs6_extract_2026-08-29/panel_compact.csv,
2018-08,B3_AC,Air conditioners,CORE,13.59,,,,6,8415xx,6,R,2026-08-29,01_raw_data/raw_trade_data/meidb_hs6_extract_2026-08-29/panel_compact.csv,
2018-08,B4_TEXTILE,MMF fabrics (PLI Textiles Annexure-II),ROBUSTNESS,83.66,,,,6,14 named codes,14,R,2026-08-29,01_raw_data/raw_trade_data/meidb_hs6_extract_2026-08-29/panel_compact.csv,
2018-08,C1_LEATHER,Leather goods,CONTROL,228.32,,,,6,Chapter 42,20,R,2026-08-29,01_raw_data/raw_trade_data/meidb_hs6_extract_2026-08-29/panel_compact.csv,
2018-08,C2_FOOTWEAR,Footwear,CONTROL,274.01,,,,6,Chapter 64,25,R,2026-08-29,01_raw_data/raw_trade_data/meidb_hs6_extract_2026-08-29/panel_compact.csv,
2018-08,C3_COTTON,Cotton woven fabrics,CONTROL,176.4,,,,6,5208-5212,70,R,2026-08-29,01_raw_data/raw_trade_data/meidb_hs6_extract_2026-08-29/panel_compact.csv,
2018-09,B1_MOBILE,Electronics - telephone sets (HS 8517.1x proxy for the PLI-LSEM mobile-phone segment),CORE,97.71,,,,6,851711|851712|851713|851714|851718,3,R,2026-08-29,01_raw_data/raw_trade_data/meidb_hs6_extract_2026-08-29/panel_compact.csv,no-trade/absent: 851713|851714
2018-09,B2_PHARMA,Pharmaceutical formulations,CORE,1198.39,,,,6,3003xx+3004xx,21,R,2026-08-29,01_raw_data/raw_trade_data/meidb_hs6_extract_2026-08-29/panel_compact.csv,
2018-09,B3_AC,Air conditioners,CORE,12.66,,,,6,8415xx,6,R,2026-08-29,01_raw_data/raw_trade_data/meidb_hs6_extract_2026-08-29/panel_compact.csv,
2018-09,B4_TEXTILE,MMF fabrics (PLI Textiles Annexure-II),ROBUSTNESS,90.78,,,,6,14 named codes,14,R,2026-08-29,01_raw_data/raw_trade_data/meidb_hs6_extract_2026-08-29/panel_compact.csv,
2018-09,C1_LEATHER,Leather goods,CONTROL,220.36,,,,6,Chapter 42,20,R,2026-08-29,01_raw_data/raw_trade_data/meidb_hs6_extract_2026-08-29/panel_compact.csv,
2018-09,C2_FOOTWEAR,Footwear,CONTROL,205.83,,,,6,Chapter 64,25,R,2026-08-29,01_raw_data/raw_trade_data/meidb_hs6_extract_2026-08-29/panel_compact.csv,
2018-09,C3_COTTON,Cotton woven fabrics,CONTROL,149.13,,,,6,5208-5212,70,R,2026-08-29,01_raw_data/raw_trade_data/meidb_hs6_extract_2026-08-29/panel_compact.csv,
2018-10,B1_MOBILE,Electronics - telephone sets (HS 8517.1x proxy for the PLI-LSEM mobile-phone segment),CORE,149.41,,,,6,851711|851712|851713|851714|851718,3,R,2026-08-29,01_raw_data/raw_trade_data/meidb_hs6_extract_2026-08-29/panel_compact.csv,no-trade/absent: 851713|851714
2018-10,B2_PHARMA,Pharmaceutical formulations,CORE,1079.5,,,,6,3003xx+3004xx,21,R,2026-08-29,01_raw_data/raw_trade_data/meidb_hs6_extract_2026-08-29/panel_compact.csv,
2018-10,B3_AC,Air conditioners,CORE,10.38,,,,6,8415xx,6,R,2026-08-29,01_raw_data/raw_trade_data/meidb_hs6_extract_2026-08-29/panel_compact.csv,
2018-10,B4_TEXTILE,MMF fabrics (PLI Textiles Annexure-II),ROBUSTNESS,83.08,,,,6,14 named codes,14,R,2026-08-29,01_raw_data/raw_trade_data/meidb_hs6_extract_2026-08-29/panel_compact.csv,
2018-10,C1_LEATHER,Leather goods,CONTROL,224.4,,,,6,Chapter 42,20,R,2026-08-29,01_raw_data/raw_trade_data/meidb_hs6_extract_2026-08-29/panel_compact.csv,
2018-10,C2_FOOTWEAR,Footwear,CONTROL,213.12,,,,6,Chapter 64,25,R,2026-08-29,01_raw_data/raw_trade_data/meidb_hs6_extract_2026-08-29/panel_compact.csv,
2018-10,C3_COTTON,Cotton woven fabrics,CONTROL,158.84,,,,6,5208-5212,70,R,2026-08-29,01_raw_data/raw_trade_data/meidb_hs6_extract_2026-08-29/panel_compact.csv,
2018-11,B1_MOBILE,Electronics - telephone sets (HS 8517.1x proxy for the PLI-LSEM mobile-phone segment),CORE,211.24,,,,6,851711|851712|851713|851714|851718,3,R,2026-08-29,01_raw_data/raw_trade_data/meidb_hs6_extract_2026-08-29/panel_compact.csv,no-trade/absent: 851713|851714
2018-11,B2_PHARMA,Pharmaceutical formulations,CORE,1070.36,,,,6,3003xx+3004xx,21,R,2026-08-29,01_raw_data/raw_trade_data/meidb_hs6_extract_2026-08-29/panel_compact.csv,
2018-11,B3_AC,Air conditioners,CORE,10.31,,,,6,8415xx,6,R,2026-08-29,01_raw_data/raw_trade_data/meidb_hs6_extract_2026-08-29/panel_compact.csv,
2018-11,B4_TEXTILE,MMF fabrics (PLI Textiles Annexure-II),ROBUSTNESS,69.11,,,,6,14 named codes,14,R,2026-08-29,01_raw_data/raw_trade_data/meidb_hs6_extract_2026-08-29/panel_compact.csv,
2018-11,C1_LEATHER,Leather goods,CONTROL,219.28,,,,6,Chapter 42,20,R,2026-08-29,01_raw_data/raw_trade_data/meidb_hs6_extract_2026-08-29/panel_compact.csv,
2018-11,C2_FOOTWEAR,Footwear,CONTROL,217.43,,,,6,Chapter 64,25,R,2026-08-29,01_raw_data/raw_trade_data/meidb_hs6_extract_2026-08-29/panel_compact.csv,
2018-11,C3_COTTON,Cotton woven fabrics,CONTROL,137.39,,,,6,5208-5212,70,R,2026-08-29,01_raw_data/raw_trade_data/meidb_hs6_extract_2026-08-29/panel_compact.csv,
2018-12,B1_MOBILE,Electronics - telephone sets (HS 8517.1x proxy for the PLI-LSEM mobile-phone segment),CORE,174.44,,,,6,851711|851712|851713|851714|851718,3,R,2026-08-29,01_raw_data/raw_trade_data/meidb_hs6_extract_2026-08-29/panel_compact.csv,no-trade/absent: 851713|851714
2018-12,B2_PHARMA,Pharmaceutical formulations,CORE,1170.81,,,,6,3003xx+3004xx,21,R,2026-08-29,01_raw_data/raw_trade_data/meidb_hs6_extract_2026-08-29/panel_compact.csv,
2018-12,B3_AC,Air conditioners,CORE,11.23,,,,6,8415xx,6,R,2026-08-29,01_raw_data/raw_trade_data/meidb_hs6_extract_2026-08-29/panel_compact.csv,
2018-12,B4_TEXTILE,MMF fabrics (PLI Textiles Annexure-II),ROBUSTNESS,77.36,,,,6,14 named codes,14,R,2026-08-29,01_raw_data/raw_trade_data/meidb_hs6_extract_2026-08-29/panel_compact.csv,
2018-12,C1_LEATHER,Leather goods,CONTROL,222.16,,,,6,Chapter 42,20,R,2026-08-29,01_raw_data/raw_trade_data/meidb_hs6_extract_2026-08-29/panel_compact.csv,
2018-12,C2_FOOTWEAR,Footwear,CONTROL,256.92,,,,6,Chapter 64,25,R,2026-08-29,01_raw_data/raw_trade_data/meidb_hs6_extract_2026-08-29/panel_compact.csv,
2018-12,C3_COTTON,Cotton woven fabrics,CONTROL,152.05,,,,6,5208-5212,70,R,2026-08-29,01_raw_data/raw_trade_data/meidb_hs6_extract_2026-08-29/panel_compact.csv,
2019-01,B1_MOBILE,Electronics - telephone sets (HS 8517.1x proxy for the PLI-LSEM mobile-phone segment),CORE,202.68,,,,6,851711|851712|851713|851714|851718,3,R,2026-08-29,01_raw_data/raw_trade_data/meidb_hs6_extract_2026-08-29/panel_compact.csv,no-trade/absent: 851713|851714
2019-01,B2_PHARMA,Pharmaceutical formulations,CORE,1125.89,,,,6,3003xx+3004xx,20,R,2026-08-29,01_raw_data/raw_trade_data/meidb_hs6_extract_2026-08-29/panel_compact.csv,
2019-01,B3_AC,Air conditioners,CORE,12.84,,,,6,8415xx,6,R,2026-08-29,01_raw_data/raw_trade_data/meidb_hs6_extract_2026-08-29/panel_compact.csv,
2019-01,B4_TEXTILE,MMF fabrics (PLI Textiles Annexure-II),ROBUSTNESS,86.09,,,,6,14 named codes,14,R,2026-08-29,01_raw_data/raw_trade_data/meidb_hs6_extract_2026-08-29/panel_compact.csv,
2019-01,C1_LEATHER,Leather goods,CONTROL,229.23,,,,6,Chapter 42,20,R,2026-08-29,01_raw_data/raw_trade_data/meidb_hs6_extract_2026-08-29/panel_compact.csv,
2019-01,C2_FOOTWEAR,Footwear,CONTROL,272.7,,,,6,Chapter 64,25,R,2026-08-29,01_raw_data/raw_trade_data/meidb_hs6_extract_2026-08-29/panel_compact.csv,
2019-01,C3_COTTON,Cotton woven fabrics,CONTROL,159.52,,,,6,5208-5212,70,R,2026-08-29,01_raw_data/raw_trade_data/meidb_hs6_extract_2026-08-29/panel_compact.csv,
2019-02,B1_MOBILE,Electronics - telephone sets (HS 8517.1x proxy for the PLI-LSEM mobile-phone segment),CORE,253.22,,,,6,851711|851712|851713|851714|851718,3,R,2026-08-29,01_raw_data/raw_trade_data/meidb_hs6_extract_2026-08-29/panel_compact.csv,no-trade/absent: 851713|851714
2019-02,B2_PHARMA,Pharmaceutical formulations,CORE,1161.11,,,,6,3003xx+3004xx,21,R,2026-08-29,01_raw_data/raw_trade_data/meidb_hs6_extract_2026-08-29/panel_compact.csv,
2019-02,B3_AC,Air conditioners,CORE,14.69,,,,6,8415xx,6,R,2026-08-29,01_raw_data/raw_trade_data/meidb_hs6_extract_2026-08-29/panel_compact.csv,
2019-02,B4_TEXTILE,MMF fabrics (PLI Textiles Annexure-II),ROBUSTNESS,80.23,,,,6,14 named codes,14,R,2026-08-29,01_raw_data/raw_trade_data/meidb_hs6_extract_2026-08-29/panel_compact.csv,
2019-02,C1_LEATHER,Leather goods,CONTROL,212.19,,,,6,Chapter 42,20,R,2026-08-29,01_raw_data/raw_trade_data/meidb_hs6_extract_2026-08-29/panel_compact.csv,
2019-02,C2_FOOTWEAR,Footwear,CONTROL,269.53,,,,6,Chapter 64,25,R,2026-08-29,01_raw_data/raw_trade_data/meidb_hs6_extract_2026-08-29/panel_compact.csv,
2019-02,C3_COTTON,Cotton woven fabrics,CONTROL,153.95,,,,6,5208-5212,70,R,2026-08-29,01_raw_data/raw_trade_data/meidb_hs6_extract_2026-08-29/panel_compact.csv,
2019-03,B1_MOBILE,Electronics - telephone sets (HS 8517.1x proxy for the PLI-LSEM mobile-phone segment),CORE,201.34,,,,6,851711|851712|851713|851714|851718,3,R,2026-08-29,01_raw_data/raw_trade_data/meidb_hs6_extract_2026-08-29/panel_compact.csv,no-trade/absent: 851713|851714
2019-03,B2_PHARMA,Pharmaceutical formulations,CORE,1379.96,,,,6,3003xx+3004xx,21,R,2026-08-29,01_raw_data/raw_trade_data/meidb_hs6_extract_2026-08-29/panel_compact.csv,
2019-03,B3_AC,Air conditioners,CORE,19.4,,,,6,8415xx,6,R,2026-08-29,01_raw_data/raw_trade_data/meidb_hs6_extract_2026-08-29/panel_compact.csv,
2019-03,B4_TEXTILE,MMF fabrics (PLI Textiles Annexure-II),ROBUSTNESS,99.75,,,,6,14 named codes,14,R,2026-08-29,01_raw_data/raw_trade_data/meidb_hs6_extract_2026-08-29/panel_compact.csv,
2019-03,C1_LEATHER,Leather goods,CONTROL,217.57,,,,6,Chapter 42,20,R,2026-08-29,01_raw_data/raw_trade_data/meidb_hs6_extract_2026-08-29/panel_compact.csv,
2019-03,C2_FOOTWEAR,Footwear,CONTROL,245.68,,,,6,Chapter 64,25,R,2026-08-29,01_raw_data/raw_trade_data/meidb_hs6_extract_2026-08-29/panel_compact.csv,
2019-03,C3_COTTON,Cotton woven fabrics,CONTROL,192.49,,,,6,5208-5212,70,R,2026-08-29,01_raw_data/raw_trade_data/meidb_hs6_extract_2026-08-29/panel_compact.csv,
2019-04,B1_MOBILE,Electronics - telephone sets (HS 8517.1x proxy for the PLI-LSEM mobile-phone segment),CORE,98.65,,,,6,851711|851712|851713|851714|851718,3,R,2026-08-29,01_raw_data/raw_trade_data/meidb_hs6_extract_2026-08-29/panel_compact.csv,no-trade/absent: 851713|851714
2019-04,B2_PHARMA,Pharmaceutical formulations,CORE,1116.4,,,,6,3003xx+3004xx,20,R,2026-08-29,01_raw_data/raw_trade_data/meidb_hs6_extract_2026-08-29/panel_compact.csv,
2019-04,B3_AC,Air conditioners,CORE,15.76,,,,6,8415xx,6,R,2026-08-29,01_raw_data/raw_trade_data/meidb_hs6_extract_2026-08-29/panel_compact.csv,
2019-04,B4_TEXTILE,MMF fabrics (PLI Textiles Annexure-II),ROBUSTNESS,82.32,,,,6,14 named codes,14,R,2026-08-29,01_raw_data/raw_trade_data/meidb_hs6_extract_2026-08-29/panel_compact.csv,
2019-04,C1_LEATHER,Leather goods,CONTROL,168.04,,,,6,Chapter 42,20,R,2026-08-29,01_raw_data/raw_trade_data/meidb_hs6_extract_2026-08-29/panel_compact.csv,
2019-04,C2_FOOTWEAR,Footwear,CONTROL,211.1,,,,6,Chapter 64,25,R,2026-08-29,01_raw_data/raw_trade_data/meidb_hs6_extract_2026-08-29/panel_compact.csv,
2019-04,C3_COTTON,Cotton woven fabrics,CONTROL,153.87,,,,6,5208-5212,70,R,2026-08-29,01_raw_data/raw_trade_data/meidb_hs6_extract_2026-08-29/panel_compact.csv,
2019-05,B1_MOBILE,Electronics - telephone sets (HS 8517.1x proxy for the PLI-LSEM mobile-phone segment),CORE,272.98,,,,6,851711|851712|851713|851714|851718,3,R,2026-08-29,01_raw_data/raw_trade_data/meidb_hs6_extract_2026-08-29/panel_compact.csv,no-trade/absent: 851713|851714
2019-05,B2_PHARMA,Pharmaceutical formulations,CORE,1181.92,,,,6,3003xx+3004xx,20,R,2026-08-29,01_raw_data/raw_trade_data/meidb_hs6_extract_2026-08-29/panel_compact.csv,
2019-05,B3_AC,Air conditioners,CORE,16.92,,,,6,8415xx,6,R,2026-08-29,01_raw_data/raw_trade_data/meidb_hs6_extract_2026-08-29/panel_compact.csv,
2019-05,B4_TEXTILE,MMF fabrics (PLI Textiles Annexure-II),ROBUSTNESS,85.4,,,,6,14 named codes,14,R,2026-08-29,01_raw_data/raw_trade_data/meidb_hs6_extract_2026-08-29/panel_compact.csv,
2019-05,C1_LEATHER,Leather goods,CONTROL,217.26,,,,6,Chapter 42,20,R,2026-08-29,01_raw_data/raw_trade_data/meidb_hs6_extract_2026-08-29/panel_compact.csv,
2019-05,C2_FOOTWEAR,Footwear,CONTROL,238.47,,,,6,Chapter 64,25,R,2026-08-29,01_raw_data/raw_trade_data/meidb_hs6_extract_2026-08-29/panel_compact.csv,
2019-05,C3_COTTON,Cotton woven fabrics,CONTROL,162.65,,,,6,5208-5212,70,R,2026-08-29,01_raw_data/raw_trade_data/meidb_hs6_extract_2026-08-29/panel_compact.csv,
2019-06,B1_MOBILE,Electronics - telephone sets (HS 8517.1x proxy for the PLI-LSEM mobile-phone segment),CORE,296.58,,,,6,851711|851712|851713|851714|851718,3,R,2026-08-29,01_raw_data/raw_trade_data/meidb_hs6_extract_2026-08-29/panel_compact.csv,no-trade/absent: 851713|851714
2019-06,B2_PHARMA,Pharmaceutical formulations,CORE,1316.01,,,,6,3003xx+3004xx,21,R,2026-08-29,01_raw_data/raw_trade_data/meidb_hs6_extract_2026-08-29/panel_compact.csv,
2019-06,B3_AC,Air conditioners,CORE,13.31,,,,6,8415xx,6,R,2026-08-29,01_raw_data/raw_trade_data/meidb_hs6_extract_2026-08-29/panel_compact.csv,
2019-06,B4_TEXTILE,MMF fabrics (PLI Textiles Annexure-II),ROBUSTNESS,71.08,,,,6,14 named codes,14,R,2026-08-29,01_raw_data/raw_trade_data/meidb_hs6_extract_2026-08-29/panel_compact.csv,
2019-06,C1_LEATHER,Leather goods,CONTROL,198.27,,,,6,Chapter 42,20,R,2026-08-29,01_raw_data/raw_trade_data/meidb_hs6_extract_2026-08-29/panel_compact.csv,
2019-06,C2_FOOTWEAR,Footwear,CONTROL,235.85,,,,6,Chapter 64,25,R,2026-08-29,01_raw_data/raw_trade_data/meidb_hs6_extract_2026-08-29/panel_compact.csv,
2019-06,C3_COTTON,Cotton woven fabrics,CONTROL,154.51,,,,6,5208-5212,70,R,2026-08-29,01_raw_data/raw_trade_data/meidb_hs6_extract_2026-08-29/panel_compact.csv,
2019-07,B1_MOBILE,Electronics - telephone sets (HS 8517.1x proxy for the PLI-LSEM mobile-phone segment),CORE,369.35,,,,6,851711|851712|851713|851714|851718,3,R,2026-08-29,01_raw_data/raw_trade_data/meidb_hs6_extract_2026-08-29/panel_compact.csv,no-trade/absent: 851713|851714
2019-07,B2_PHARMA,Pharmaceutical formulations,CORE,1249.09,,,,6,3003xx+3004xx,21,R,2026-08-29,01_raw_data/raw_trade_data/meidb_hs6_extract_2026-08-29/panel_compact.csv,
2019-07,B3_AC,Air conditioners,CORE,16.14,,,,6,8415xx,6,R,2026-08-29,01_raw_data/raw_trade_data/meidb_hs6_extract_2026-08-29/panel_compact.csv,
2019-07,B4_TEXTILE,MMF fabrics (PLI Textiles Annexure-II),ROBUSTNESS,93.48,,,,6,14 named codes,14,R,2026-08-29,01_raw_data/raw_trade_data/meidb_hs6_extract_2026-08-29/panel_compact.csv,
2019-07,C1_LEATHER,Leather goods,CONTROL,226.84,,,,6,Chapter 42,20,R,2026-08-29,01_raw_data/raw_trade_data/meidb_hs6_extract_2026-08-29/panel_compact.csv,
2019-07,C2_FOOTWEAR,Footwear,CONTROL,264.55,,,,6,Chapter 64,25,R,2026-08-29,01_raw_data/raw_trade_data/meidb_hs6_extract_2026-08-29/panel_compact.csv,
2019-07,C3_COTTON,Cotton woven fabrics,CONTROL,161.15,,,,6,5208-5212,70,R,2026-08-29,01_raw_data/raw_trade_data/meidb_hs6_extract_2026-08-29/panel_compact.csv,
2019-08,B1_MOBILE,Electronics - telephone sets (HS 8517.1x proxy for the PLI-LSEM mobile-phone segment),CORE,372.25,,,,6,851711|851712|851713|851714|851718,3,R,2026-08-29,01_raw_data/raw_trade_data/meidb_hs6_extract_2026-08-29/panel_compact.csv,no-trade/absent: 851713|851714
2019-08,B2_PHARMA,Pharmaceutical formulations,CORE,1218.08,,,,6,3003xx+3004xx,21,R,2026-08-29,01_raw_data/raw_trade_data/meidb_hs6_extract_2026-08-29/panel_compact.csv,
2019-08,B3_AC,Air conditioners,CORE,16.59,,,,6,8415xx,6,R,2026-08-29,01_raw_data/raw_trade_data/meidb_hs6_extract_2026-08-29/panel_compact.csv,
2019-08,B4_TEXTILE,MMF fabrics (PLI Textiles Annexure-II),ROBUSTNESS,91.44,,,,6,14 named codes,14,R,2026-08-29,01_raw_data/raw_trade_data/meidb_hs6_extract_2026-08-29/panel_compact.csv,
2019-08,C1_LEATHER,Leather goods,CONTROL,219.8,,,,6,Chapter 42,20,R,2026-08-29,01_raw_data/raw_trade_data/meidb_hs6_extract_2026-08-29/panel_compact.csv,
2019-08,C2_FOOTWEAR,Footwear,CONTROL,242.05,,,,6,Chapter 64,25,R,2026-08-29,01_raw_data/raw_trade_data/meidb_hs6_extract_2026-08-29/panel_compact.csv,
2019-08,C3_COTTON,Cotton woven fabrics,CONTROL,161.43,,,,6,5208-5212,70,R,2026-08-29,01_raw_data/raw_trade_data/meidb_hs6_extract_2026-08-29/panel_compact.csv,
2019-09,B1_MOBILE,Electronics - telephone sets (HS 8517.1x proxy for the PLI-LSEM mobile-phone segment),CORE,277.26,,,,6,851711|851712|851713|851714|851718,3,R,2026-08-29,01_raw_data/raw_trade_data/meidb_hs6_extract_2026-08-29/panel_compact.csv,no-trade/absent: 851713|851714
2019-09,B2_PHARMA,Pharmaceutical formulations,CORE,1309.14,,,,6,3003xx+3004xx,21,R,2026-08-29,01_raw_data/raw_trade_data/meidb_hs6_extract_2026-08-29/panel_compact.csv,
2019-09,B3_AC,Air conditioners,CORE,16.39,,,,6,8415xx,6,R,2026-08-29,01_raw_data/raw_trade_data/meidb_hs6_extract_2026-08-29/panel_compact.csv,
2019-09,B4_TEXTILE,MMF fabrics (PLI Textiles Annexure-II),ROBUSTNESS,93.2,,,,6,14 named codes,14,R,2026-08-29,01_raw_data/raw_trade_data/meidb_hs6_extract_2026-08-29/panel_compact.csv,
2019-09,C1_LEATHER,Leather goods,CONTROL,205.01,,,,6,Chapter 42,20,R,2026-08-29,01_raw_data/raw_trade_data/meidb_hs6_extract_2026-08-29/panel_compact.csv,
2019-09,C2_FOOTWEAR,Footwear,CONTROL,196.35,,,,6,Chapter 64,25,R,2026-08-29,01_raw_data/raw_trade_data/meidb_hs6_extract_2026-08-29/panel_compact.csv,
2019-09,C3_COTTON,Cotton woven fabrics,CONTROL,162.8,,,,6,5208-5212,70,R,2026-08-29,01_raw_data/raw_trade_data/meidb_hs6_extract_2026-08-29/panel_compact.csv,
2019-10,B1_MOBILE,Electronics - telephone sets (HS 8517.1x proxy for the PLI-LSEM mobile-phone segment),CORE,358.59,,,,6,851711|851712|851713|851714|851718,3,R,2026-08-29,01_raw_data/raw_trade_data/meidb_hs6_extract_2026-08-29/panel_compact.csv,no-trade/absent: 851713|851714
2019-10,B2_PHARMA,Pharmaceutical formulations,CORE,1223.67,,,,6,3003xx+3004xx,21,R,2026-08-29,01_raw_data/raw_trade_data/meidb_hs6_extract_2026-08-29/panel_compact.csv,
2019-10,B3_AC,Air conditioners,CORE,14.07,,,,6,8415xx,6,R,2026-08-29,01_raw_data/raw_trade_data/meidb_hs6_extract_2026-08-29/panel_compact.csv,
2019-10,B4_TEXTILE,MMF fabrics (PLI Textiles Annexure-II),ROBUSTNESS,96.34,,,,6,14 named codes,14,R,2026-08-29,01_raw_data/raw_trade_data/meidb_hs6_extract_2026-08-29/panel_compact.csv,
2019-10,C1_LEATHER,Leather goods,CONTROL,209.68,,,,6,Chapter 42,20,R,2026-08-29,01_raw_data/raw_trade_data/meidb_hs6_extract_2026-08-29/panel_compact.csv,
2019-10,C2_FOOTWEAR,Footwear,CONTROL,200.28,,,,6,Chapter 64,25,R,2026-08-29,01_raw_data/raw_trade_data/meidb_hs6_extract_2026-08-29/panel_compact.csv,
2019-10,C3_COTTON,Cotton woven fabrics,CONTROL,167.48,,,,6,5208-5212,70,R,2026-08-29,01_raw_data/raw_trade_data/meidb_hs6_extract_2026-08-29/panel_compact.csv,
2019-11,B1_MOBILE,Electronics - telephone sets (HS 8517.1x proxy for the PLI-LSEM mobile-phone segment),CORE,427.09,,,,6,851711|851712|851713|851714|851718,3,R,2026-08-29,01_raw_data/raw_trade_data/meidb_hs6_extract_2026-08-29/panel_compact.csv,no-trade/absent: 851713|851714
2019-11,B2_PHARMA,Pharmaceutical formulations,CORE,1288.6,,,,6,3003xx+3004xx,21,R,2026-08-29,01_raw_data/raw_trade_data/meidb_hs6_extract_2026-08-29/panel_compact.csv,
2019-11,B3_AC,Air conditioners,CORE,13.25,,,,6,8415xx,6,R,2026-08-29,01_raw_data/raw_trade_data/meidb_hs6_extract_2026-08-29/panel_compact.csv,
2019-11,B4_TEXTILE,MMF fabrics (PLI Textiles Annexure-II),ROBUSTNESS,78.27,,,,6,14 named codes,14,R,2026-08-29,01_raw_data/raw_trade_data/meidb_hs6_extract_2026-08-29/panel_compact.csv,
2019-11,C1_LEATHER,Leather goods,CONTROL,212.94,,,,6,Chapter 42,20,R,2026-08-29,01_raw_data/raw_trade_data/meidb_hs6_extract_2026-08-29/panel_compact.csv,
2019-11,C2_FOOTWEAR,Footwear,CONTROL,197.73,,,,6,Chapter 64,25,R,2026-08-29,01_raw_data/raw_trade_data/meidb_hs6_extract_2026-08-29/panel_compact.csv,
2019-11,C3_COTTON,Cotton woven fabrics,CONTROL,144.87,,,,6,5208-5212,70,R,2026-08-29,01_raw_data/raw_trade_data/meidb_hs6_extract_2026-08-29/panel_compact.csv,
2019-12,B1_MOBILE,Electronics - telephone sets (HS 8517.1x proxy for the PLI-LSEM mobile-phone segment),CORE,294.6,,,,6,851711|851712|851713|851714|851718,3,R,2026-08-29,01_raw_data/raw_trade_data/meidb_hs6_extract_2026-08-29/panel_compact.csv,no-trade/absent: 851713|851714
2019-12,B2_PHARMA,Pharmaceutical formulations,CORE,1369.46,,,,6,3003xx+3004xx,21,R,2026-08-29,01_raw_data/raw_trade_data/meidb_hs6_extract_2026-08-29/panel_compact.csv,
2019-12,B3_AC,Air conditioners,CORE,15.09,,,,6,8415xx,6,R,2026-08-29,01_raw_data/raw_trade_data/meidb_hs6_extract_2026-08-29/panel_compact.csv,
2019-12,B4_TEXTILE,MMF fabrics (PLI Textiles Annexure-II),ROBUSTNESS,109.41,,,,6,14 named codes,14,R,2026-08-29,01_raw_data/raw_trade_data/meidb_hs6_extract_2026-08-29/panel_compact.csv,
2019-12,C1_LEATHER,Leather goods,CONTROL,208.72,,,,6,Chapter 42,20,R,2026-08-29,01_raw_data/raw_trade_data/meidb_hs6_extract_2026-08-29/panel_compact.csv,
2019-12,C2_FOOTWEAR,Footwear,CONTROL,234.68,,,,6,Chapter 64,25,R,2026-08-29,01_raw_data/raw_trade_data/meidb_hs6_extract_2026-08-29/panel_compact.csv,
2019-12,C3_COTTON,Cotton woven fabrics,CONTROL,169.95,,,,6,5208-5212,70,R,2026-08-29,01_raw_data/raw_trade_data/meidb_hs6_extract_2026-08-29/panel_compact.csv,
2020-01,B1_MOBILE,Electronics - telephone sets (HS 8517.1x proxy for the PLI-LSEM mobile-phone segment),CORE,343.08,,,,6,851711|851712|851713|851714|851718,3,R,2026-08-29,01_raw_data/raw_trade_data/meidb_hs6_extract_2026-08-29/panel_compact.csv,no-trade/absent: 851713|851714
2020-01,B2_PHARMA,Pharmaceutical formulations,CORE,1271.02,,,,6,3003xx+3004xx,20,R,2026-08-29,01_raw_data/raw_trade_data/meidb_hs6_extract_2026-08-29/panel_compact.csv,
2020-01,B3_AC,Air conditioners,CORE,14.28,,,,6,8415xx,6,R,2026-08-29,01_raw_data/raw_trade_data/meidb_hs6_extract_2026-08-29/panel_compact.csv,
2020-01,B4_TEXTILE,MMF fabrics (PLI Textiles Annexure-II),ROBUSTNESS,110.45,,,,6,14 named codes,14,R,2026-08-29,01_raw_data/raw_trade_data/meidb_hs6_extract_2026-08-29/panel_compact.csv,
2020-01,C1_LEATHER,Leather goods,CONTROL,210.18,,,,6,Chapter 42,20,R,2026-08-29,01_raw_data/raw_trade_data/meidb_hs6_extract_2026-08-29/panel_compact.csv,
2020-01,C2_FOOTWEAR,Footwear,CONTROL,238.91,,,,6,Chapter 64,25,R,2026-08-29,01_raw_data/raw_trade_data/meidb_hs6_extract_2026-08-29/panel_compact.csv,
2020-01,C3_COTTON,Cotton woven fabrics,CONTROL,162.94,,,,6,5208-5212,70,R,2026-08-29,01_raw_data/raw_trade_data/meidb_hs6_extract_2026-08-29/panel_compact.csv,
2020-02,B1_MOBILE,Electronics - telephone sets (HS 8517.1x proxy for the PLI-LSEM mobile-phone segment),CORE,510.95,,,,6,851711|851712|851713|851714|851718,3,R,2026-08-29,01_raw_data/raw_trade_data/meidb_hs6_extract_2026-08-29/panel_compact.csv,no-trade/absent: 851713|851714
2020-02,B2_PHARMA,Pharmaceutical formulations,CORE,1268.19,,,,6,3003xx+3004xx,21,R,2026-08-29,01_raw_data/raw_trade_data/meidb_hs6_extract_2026-08-29/panel_compact.csv,
2020-02,B3_AC,Air conditioners,CORE,17.55,,,,6,8415xx,6,R,2026-08-29,01_raw_data/raw_trade_data/meidb_hs6_extract_2026-08-29/panel_compact.csv,
2020-02,B4_TEXTILE,MMF fabrics (PLI Textiles Annexure-II),ROBUSTNESS,108.34,,,,6,14 named codes,14,R,2026-08-29,01_raw_data/raw_trade_data/meidb_hs6_extract_2026-08-29/panel_compact.csv,
2020-02,C1_LEATHER,Leather goods,CONTROL,207,,,,6,Chapter 42,20,R,2026-08-29,01_raw_data/raw_trade_data/meidb_hs6_extract_2026-08-29/panel_compact.csv,
2020-02,C2_FOOTWEAR,Footwear,CONTROL,218.57,,,,6,Chapter 64,25,R,2026-08-29,01_raw_data/raw_trade_data/meidb_hs6_extract_2026-08-29/panel_compact.csv,
2020-02,C3_COTTON,Cotton woven fabrics,CONTROL,168.4,,,,6,5208-5212,70,R,2026-08-29,01_raw_data/raw_trade_data/meidb_hs6_extract_2026-08-29/panel_compact.csv,
2020-03,B1_MOBILE,Electronics - telephone sets (HS 8517.1x proxy for the PLI-LSEM mobile-phone segment),CORE,239.87,,,,6,851711|851712|851713|851714|851718,3,R,2026-08-29,01_raw_data/raw_trade_data/meidb_hs6_extract_2026-08-29/panel_compact.csv,no-trade/absent: 851713|851714
2020-03,B2_PHARMA,Pharmaceutical formulations,CORE,1115.86,,,,6,3003xx+3004xx,21,R,2026-08-29,01_raw_data/raw_trade_data/meidb_hs6_extract_2026-08-29/panel_compact.csv,
2020-03,B3_AC,Air conditioners,CORE,13.56,,,,6,8415xx,6,R,2026-08-29,01_raw_data/raw_trade_data/meidb_hs6_extract_2026-08-29/panel_compact.csv,
2020-03,B4_TEXTILE,MMF fabrics (PLI Textiles Annexure-II),ROBUSTNESS,83.85,,,,6,14 named codes,14,R,2026-08-29,01_raw_data/raw_trade_data/meidb_hs6_extract_2026-08-29/panel_compact.csv,
2020-03,C1_LEATHER,Leather goods,CONTROL,142.34,,,,6,Chapter 42,20,R,2026-08-29,01_raw_data/raw_trade_data/meidb_hs6_extract_2026-08-29/panel_compact.csv,
2020-03,C2_FOOTWEAR,Footwear,CONTROL,152.02,,,,6,Chapter 64,25,R,2026-08-29,01_raw_data/raw_trade_data/meidb_hs6_extract_2026-08-29/panel_compact.csv,
2020-03,C3_COTTON,Cotton woven fabrics,CONTROL,134.95,,,,6,5208-5212,70,R,2026-08-29,01_raw_data/raw_trade_data/meidb_hs6_extract_2026-08-29/panel_compact.csv,
2020-04,B1_MOBILE,Electronics - telephone sets (HS 8517.1x proxy for the PLI-LSEM mobile-phone segment),CORE,30.43,,,,6,851711|851712|851713|851714|851718,3,R,2026-08-29,01_raw_data/raw_trade_data/meidb_hs6_extract_2026-08-29/panel_compact.csv,no-trade/absent: 851713|851714
2020-04,B2_PHARMA,Pharmaceutical formulations,CORE,1178.86,,,,6,3003xx+3004xx,21,R,2026-08-29,01_raw_data/raw_trade_data/meidb_hs6_extract_2026-08-29/panel_compact.csv,
2020-04,B3_AC,Air conditioners,CORE,0.86,,,,6,8415xx,6,R,2026-08-29,01_raw_data/raw_trade_data/meidb_hs6_extract_2026-08-29/panel_compact.csv,
2020-04,B4_TEXTILE,MMF fabrics (PLI Textiles Annexure-II),ROBUSTNESS,9.23,,,,6,14 named codes,14,R,2026-08-29,01_raw_data/raw_trade_data/meidb_hs6_extract_2026-08-29/panel_compact.csv,
2020-04,C1_LEATHER,Leather goods,CONTROL,8.68,,,,6,Chapter 42,20,R,2026-08-29,01_raw_data/raw_trade_data/meidb_hs6_extract_2026-08-29/panel_compact.csv,
2020-04,C2_FOOTWEAR,Footwear,CONTROL,15.16,,,,6,Chapter 64,25,R,2026-08-29,01_raw_data/raw_trade_data/meidb_hs6_extract_2026-08-29/panel_compact.csv,
2020-04,C3_COTTON,Cotton woven fabrics,CONTROL,12.31,,,,6,5208-5212,70,R,2026-08-29,01_raw_data/raw_trade_data/meidb_hs6_extract_2026-08-29/panel_compact.csv,
2020-05,B1_MOBILE,Electronics - telephone sets (HS 8517.1x proxy for the PLI-LSEM mobile-phone segment),CORE,71.01,,,,6,851711|851712|851713|851714|851718,3,R,2026-08-29,01_raw_data/raw_trade_data/meidb_hs6_extract_2026-08-29/panel_compact.csv,no-trade/absent: 851713|851714
2020-05,B2_PHARMA,Pharmaceutical formulations,CORE,1486.12,,,,6,3003xx+3004xx,21,R,2026-08-29,01_raw_data/raw_trade_data/meidb_hs6_extract_2026-08-29/panel_compact.csv,
2020-05,B3_AC,Air conditioners,CORE,7.93,,,,6,8415xx,6,R,2026-08-29,01_raw_data/raw_trade_data/meidb_hs6_extract_2026-08-29/panel_compact.csv,
2020-05,B4_TEXTILE,MMF fabrics (PLI Textiles Annexure-II),ROBUSTNESS,26.44,,,,6,14 named codes,14,R,2026-08-29,01_raw_data/raw_trade_data/meidb_hs6_extract_2026-08-29/panel_compact.csv,
2020-05,C1_LEATHER,Leather goods,CONTROL,50.03,,,,6,Chapter 42,20,R,2026-08-29,01_raw_data/raw_trade_data/meidb_hs6_extract_2026-08-29/panel_compact.csv,
2020-05,C2_FOOTWEAR,Footwear,CONTROL,62.8,,,,6,Chapter 64,25,R,2026-08-29,01_raw_data/raw_trade_data/meidb_hs6_extract_2026-08-29/panel_compact.csv,
2020-05,C3_COTTON,Cotton woven fabrics,CONTROL,55.05,,,,6,5208-5212,70,R,2026-08-29,01_raw_data/raw_trade_data/meidb_hs6_extract_2026-08-29/panel_compact.csv,
2020-06,B1_MOBILE,Electronics - telephone sets (HS 8517.1x proxy for the PLI-LSEM mobile-phone segment),CORE,71.78,,,,6,851711|851712|851713|851714|851718,3,R,2026-08-29,01_raw_data/raw_trade_data/meidb_hs6_extract_2026-08-29/panel_compact.csv,no-trade/absent: 851713|851714
2020-06,B2_PHARMA,Pharmaceutical formulations,CORE,1459.84,,,,6,3003xx+3004xx,21,R,2026-08-29,01_raw_data/raw_trade_data/meidb_hs6_extract_2026-08-29/panel_compact.csv,
2020-06,B3_AC,Air conditioners,CORE,12.03,,,,6,8415xx,6,R,2026-08-29,01_raw_data/raw_trade_data/meidb_hs6_extract_2026-08-29/panel_compact.csv,
2020-06,B4_TEXTILE,MMF fabrics (PLI Textiles Annexure-II),ROBUSTNESS,41.41,,,,6,14 named codes,14,R,2026-08-29,01_raw_data/raw_trade_data/meidb_hs6_extract_2026-08-29/panel_compact.csv,
2020-06,C1_LEATHER,Leather goods,CONTROL,119.4,,,,6,Chapter 42,20,R,2026-08-29,01_raw_data/raw_trade_data/meidb_hs6_extract_2026-08-29/panel_compact.csv,
2020-06,C2_FOOTWEAR,Footwear,CONTROL,139.72,,,,6,Chapter 64,25,R,2026-08-29,01_raw_data/raw_trade_data/meidb_hs6_extract_2026-08-29/panel_compact.csv,
2020-06,C3_COTTON,Cotton woven fabrics,CONTROL,121.65,,,,6,5208-5212,70,R,2026-08-29,01_raw_data/raw_trade_data/meidb_hs6_extract_2026-08-29/panel_compact.csv,
2020-07,B1_MOBILE,Electronics - telephone sets (HS 8517.1x proxy for the PLI-LSEM mobile-phone segment),CORE,141.12,,,,6,851711|851712|851713|851714|851718,3,R,2026-08-29,01_raw_data/raw_trade_data/meidb_hs6_extract_2026-08-29/panel_compact.csv,no-trade/absent: 851713|851714
2020-07,B2_PHARMA,Pharmaceutical formulations,CORE,1491.11,,,,6,3003xx+3004xx,21,R,2026-08-29,01_raw_data/raw_trade_data/meidb_hs6_extract_2026-08-29/panel_compact.csv,
2020-07,B3_AC,Air conditioners,CORE,14.82,,,,6,8415xx,6,R,2026-08-29,01_raw_data/raw_trade_data/meidb_hs6_extract_2026-08-29/panel_compact.csv,
2020-07,B4_TEXTILE,MMF fabrics (PLI Textiles Annexure-II),ROBUSTNESS,54.28,,,,6,14 named codes,14,R,2026-08-29,01_raw_data/raw_trade_data/meidb_hs6_extract_2026-08-29/panel_compact.csv,
2020-07,C1_LEATHER,Leather goods,CONTROL,168.93,,,,6,Chapter 42,20,R,2026-08-29,01_raw_data/raw_trade_data/meidb_hs6_extract_2026-08-29/panel_compact.csv,
2020-07,C2_FOOTWEAR,Footwear,CONTROL,202.14,,,,6,Chapter 64,25,R,2026-08-29,01_raw_data/raw_trade_data/meidb_hs6_extract_2026-08-29/panel_compact.csv,
2020-07,C3_COTTON,Cotton woven fabrics,CONTROL,149.18,,,,6,5208-5212,70,R,2026-08-29,01_raw_data/raw_trade_data/meidb_hs6_extract_2026-08-29/panel_compact.csv,
2020-08,B1_MOBILE,Electronics - telephone sets (HS 8517.1x proxy for the PLI-LSEM mobile-phone segment),CORE,244.74,,,,6,851711|851712|851713|851714|851718,3,R,2026-08-29,01_raw_data/raw_trade_data/meidb_hs6_extract_2026-08-29/panel_compact.csv,no-trade/absent: 851713|851714
2020-08,B2_PHARMA,Pharmaceutical formulations,CORE,1441.74,,,,6,3003xx+3004xx,21,R,2026-08-29,01_raw_data/raw_trade_data/meidb_hs6_extract_2026-08-29/panel_compact.csv,
2020-08,B3_AC,Air conditioners,CORE,15.78,,,,6,8415xx,6,R,2026-08-29,01_raw_data/raw_trade_data/meidb_hs6_extract_2026-08-29/panel_compact.csv,
2020-08,B4_TEXTILE,MMF fabrics (PLI Textiles Annexure-II),ROBUSTNESS,60.54,,,,6,14 named codes,14,R,2026-08-29,01_raw_data/raw_trade_data/meidb_hs6_extract_2026-08-29/panel_compact.csv,
2020-08,C1_LEATHER,Leather goods,CONTROL,187,,,,6,Chapter 42,20,R,2026-08-29,01_raw_data/raw_trade_data/meidb_hs6_extract_2026-08-29/panel_compact.csv,
2020-08,C2_FOOTWEAR,Footwear,CONTROL,206.28,,,,6,Chapter 64,25,R,2026-08-29,01_raw_data/raw_trade_data/meidb_hs6_extract_2026-08-29/panel_compact.csv,
2020-08,C3_COTTON,Cotton woven fabrics,CONTROL,139.62,,,,6,5208-5212,70,R,2026-08-29,01_raw_data/raw_trade_data/meidb_hs6_extract_2026-08-29/panel_compact.csv,
2020-09,B1_MOBILE,Electronics - telephone sets (HS 8517.1x proxy for the PLI-LSEM mobile-phone segment),CORE,221.2,,,,6,851711|851712|851713|851714|851718,3,R,2026-08-29,01_raw_data/raw_trade_data/meidb_hs6_extract_2026-08-29/panel_compact.csv,no-trade/absent: 851713|851714
2020-09,B2_PHARMA,Pharmaceutical formulations,CORE,1650.06,,,,6,3003xx+3004xx,21,R,2026-08-29,01_raw_data/raw_trade_data/meidb_hs6_extract_2026-08-29/panel_compact.csv,
2020-09,B3_AC,Air conditioners,CORE,18.84,,,,6,8415xx,6,R,2026-08-29,01_raw_data/raw_trade_data/meidb_hs6_extract_2026-08-29/panel_compact.csv,
2020-09,B4_TEXTILE,MMF fabrics (PLI Textiles Annexure-II),ROBUSTNESS,71.42,,,,6,14 named codes,14,R,2026-08-29,01_raw_data/raw_trade_data/meidb_hs6_extract_2026-08-29/panel_compact.csv,
2020-09,C1_LEATHER,Leather goods,CONTROL,210.34,,,,6,Chapter 42,20,R,2026-08-29,01_raw_data/raw_trade_data/meidb_hs6_extract_2026-08-29/panel_compact.csv,
2020-09,C2_FOOTWEAR,Footwear,CONTROL,197.71,,,,6,Chapter 64,25,R,2026-08-29,01_raw_data/raw_trade_data/meidb_hs6_extract_2026-08-29/panel_compact.csv,
2020-09,C3_COTTON,Cotton woven fabrics,CONTROL,154.71,,,,6,5208-5212,70,R,2026-08-29,01_raw_data/raw_trade_data/meidb_hs6_extract_2026-08-29/panel_compact.csv,
2020-10,B1_MOBILE,Electronics - telephone sets (HS 8517.1x proxy for the PLI-LSEM mobile-phone segment),CORE,293.37,,,,6,851711|851712|851713|851714|851718,3,R,2026-08-29,01_raw_data/raw_trade_data/meidb_hs6_extract_2026-08-29/panel_compact.csv,no-trade/absent: 851713|851714
2020-10,B2_PHARMA,Pharmaceutical formulations,CORE,1516.4,,,,6,3003xx+3004xx,21,R,2026-08-29,01_raw_data/raw_trade_data/meidb_hs6_extract_2026-08-29/panel_compact.csv,
2020-10,B3_AC,Air conditioners,CORE,13.96,,,,6,8415xx,6,R,2026-08-29,01_raw_data/raw_trade_data/meidb_hs6_extract_2026-08-29/panel_compact.csv,
2020-10,B4_TEXTILE,MMF fabrics (PLI Textiles Annexure-II),ROBUSTNESS,62.62,,,,6,14 named codes,14,R,2026-08-29,01_raw_data/raw_trade_data/meidb_hs6_extract_2026-08-29/panel_compact.csv,
2020-10,C1_LEATHER,Leather goods,CONTROL,204.02,,,,6,Chapter 42,20,R,2026-08-29,01_raw_data/raw_trade_data/meidb_hs6_extract_2026-08-29/panel_compact.csv,
2020-10,C2_FOOTWEAR,Footwear,CONTROL,157.46,,,,6,Chapter 64,25,R,2026-08-29,01_raw_data/raw_trade_data/meidb_hs6_extract_2026-08-29/panel_compact.csv,
2020-10,C3_COTTON,Cotton woven fabrics,CONTROL,163.67,,,,6,5208-5212,70,R,2026-08-29,01_raw_data/raw_trade_data/meidb_hs6_extract_2026-08-29/panel_compact.csv,
2020-11,B1_MOBILE,Electronics - telephone sets (HS 8517.1x proxy for the PLI-LSEM mobile-phone segment),CORE,440.15,,,,6,851711|851712|851713|851714|851718,3,R,2026-08-29,01_raw_data/raw_trade_data/meidb_hs6_extract_2026-08-29/panel_compact.csv,no-trade/absent: 851713|851714
2020-11,B2_PHARMA,Pharmaceutical formulations,CORE,1417.83,,,,6,3003xx+3004xx,21,R,2026-08-29,01_raw_data/raw_trade_data/meidb_hs6_extract_2026-08-29/panel_compact.csv,
2020-11,B3_AC,Air conditioners,CORE,12.9,,,,6,8415xx,6,R,2026-08-29,01_raw_data/raw_trade_data/meidb_hs6_extract_2026-08-29/panel_compact.csv,
2020-11,B4_TEXTILE,MMF fabrics (PLI Textiles Annexure-II),ROBUSTNESS,57.01,,,,6,14 named codes,14,R,2026-08-29,01_raw_data/raw_trade_data/meidb_hs6_extract_2026-08-29/panel_compact.csv,
2020-11,C1_LEATHER,Leather goods,CONTROL,168.44,,,,6,Chapter 42,20,R,2026-08-29,01_raw_data/raw_trade_data/meidb_hs6_extract_2026-08-29/panel_compact.csv,
2020-11,C2_FOOTWEAR,Footwear,CONTROL,143.29,,,,6,Chapter 64,25,R,2026-08-29,01_raw_data/raw_trade_data/meidb_hs6_extract_2026-08-29/panel_compact.csv,
2020-11,C3_COTTON,Cotton woven fabrics,CONTROL,149.29,,,,6,5208-5212,70,R,2026-08-29,01_raw_data/raw_trade_data/meidb_hs6_extract_2026-08-29/panel_compact.csv,
2020-12,B1_MOBILE,Electronics - telephone sets (HS 8517.1x proxy for the PLI-LSEM mobile-phone segment),CORE,418.51,,,,6,851711|851712|851713|851714|851718,3,R,2026-08-29,01_raw_data/raw_trade_data/meidb_hs6_extract_2026-08-29/panel_compact.csv,no-trade/absent: 851713|851714
2020-12,B2_PHARMA,Pharmaceutical formulations,CORE,1624.53,,,,6,3003xx+3004xx,21,R,2026-08-29,01_raw_data/raw_trade_data/meidb_hs6_extract_2026-08-29/panel_compact.csv,
2020-12,B3_AC,Air conditioners,CORE,16.06,,,,6,8415xx,6,R,2026-08-29,01_raw_data/raw_trade_data/meidb_hs6_extract_2026-08-29/panel_compact.csv,
2020-12,B4_TEXTILE,MMF fabrics (PLI Textiles Annexure-II),ROBUSTNESS,67.58,,,,6,14 named codes,14,R,2026-08-29,01_raw_data/raw_trade_data/meidb_hs6_extract_2026-08-29/panel_compact.csv,
2020-12,C1_LEATHER,Leather goods,CONTROL,186.07,,,,6,Chapter 42,20,R,2026-08-29,01_raw_data/raw_trade_data/meidb_hs6_extract_2026-08-29/panel_compact.csv,
2020-12,C2_FOOTWEAR,Footwear,CONTROL,186.36,,,,6,Chapter 64,25,R,2026-08-29,01_raw_data/raw_trade_data/meidb_hs6_extract_2026-08-29/panel_compact.csv,
2020-12,C3_COTTON,Cotton woven fabrics,CONTROL,167.81,,,,6,5208-5212,70,R,2026-08-29,01_raw_data/raw_trade_data/meidb_hs6_extract_2026-08-29/panel_compact.csv,
2021-01,B1_MOBILE,Electronics - telephone sets (HS 8517.1x proxy for the PLI-LSEM mobile-phone segment),CORE,400.65,,,,6,851711|851712|851713|851714|851718,3,R,2026-08-29,01_raw_data/raw_trade_data/meidb_hs6_extract_2026-08-29/panel_compact.csv,no-trade/absent: 851713|851714
2021-01,B2_PHARMA,Pharmaceutical formulations,CORE,1474.3,,,,6,3003xx+3004xx,21,R,2026-08-29,01_raw_data/raw_trade_data/meidb_hs6_extract_2026-08-29/panel_compact.csv,
2021-01,B3_AC,Air conditioners,CORE,14.95,,,,6,8415xx,6,R,2026-08-29,01_raw_data/raw_trade_data/meidb_hs6_extract_2026-08-29/panel_compact.csv,
2021-01,B4_TEXTILE,MMF fabrics (PLI Textiles Annexure-II),ROBUSTNESS,69.25,,,,6,14 named codes,14,R,2026-08-29,01_raw_data/raw_trade_data/meidb_hs6_extract_2026-08-29/panel_compact.csv,
2021-01,C1_LEATHER,Leather goods,CONTROL,181.4,,,,6,Chapter 42,20,R,2026-08-29,01_raw_data/raw_trade_data/meidb_hs6_extract_2026-08-29/panel_compact.csv,
2021-01,C2_FOOTWEAR,Footwear,CONTROL,192.76,,,,6,Chapter 64,25,R,2026-08-29,01_raw_data/raw_trade_data/meidb_hs6_extract_2026-08-29/panel_compact.csv,
2021-01,C3_COTTON,Cotton woven fabrics,CONTROL,162.82,,,,6,5208-5212,70,R,2026-08-29,01_raw_data/raw_trade_data/meidb_hs6_extract_2026-08-29/panel_compact.csv,
2021-02,B1_MOBILE,Electronics - telephone sets (HS 8517.1x proxy for the PLI-LSEM mobile-phone segment),CORE,317.48,,,,6,851711|851712|851713|851714|851718,3,R,2026-08-29,01_raw_data/raw_trade_data/meidb_hs6_extract_2026-08-29/panel_compact.csv,no-trade/absent: 851713|851714
2021-02,B2_PHARMA,Pharmaceutical formulations,CORE,1412.22,,,,6,3003xx+3004xx,22,R,2026-08-29,01_raw_data/raw_trade_data/meidb_hs6_extract_2026-08-29/panel_compact.csv,
2021-02,B3_AC,Air conditioners,CORE,17.09,,,,6,8415xx,6,R,2026-08-29,01_raw_data/raw_trade_data/meidb_hs6_extract_2026-08-29/panel_compact.csv,
2021-02,B4_TEXTILE,MMF fabrics (PLI Textiles Annexure-II),ROBUSTNESS,74.66,,,,6,14 named codes,14,R,2026-08-29,01_raw_data/raw_trade_data/meidb_hs6_extract_2026-08-29/panel_compact.csv,
2021-02,C1_LEATHER,Leather goods,CONTROL,170.75,,,,6,Chapter 42,20,R,2026-08-29,01_raw_data/raw_trade_data/meidb_hs6_extract_2026-08-29/panel_compact.csv,
2021-02,C2_FOOTWEAR,Footwear,CONTROL,182.81,,,,6,Chapter 64,25,R,2026-08-29,01_raw_data/raw_trade_data/meidb_hs6_extract_2026-08-29/panel_compact.csv,
2021-02,C3_COTTON,Cotton woven fabrics,CONTROL,159.92,,,,6,5208-5212,70,R,2026-08-29,01_raw_data/raw_trade_data/meidb_hs6_extract_2026-08-29/panel_compact.csv,
2021-03,B1_MOBILE,Electronics - telephone sets (HS 8517.1x proxy for the PLI-LSEM mobile-phone segment),CORE,471.57,,,,6,851711|851712|851713|851714|851718,3,R,2026-08-29,01_raw_data/raw_trade_data/meidb_hs6_extract_2026-08-29/panel_compact.csv,no-trade/absent: 851713|851714
2021-03,B2_PHARMA,Pharmaceutical formulations,CORE,1621.16,,,,6,3003xx+3004xx,22,R,2026-08-29,01_raw_data/raw_trade_data/meidb_hs6_extract_2026-08-29/panel_compact.csv,
2021-03,B3_AC,Air conditioners,CORE,23.07,,,,6,8415xx,6,R,2026-08-29,01_raw_data/raw_trade_data/meidb_hs6_extract_2026-08-29/panel_compact.csv,
2021-03,B4_TEXTILE,MMF fabrics (PLI Textiles Annexure-II),ROBUSTNESS,84.81,,,,6,14 named codes,14,R,2026-08-29,01_raw_data/raw_trade_data/meidb_hs6_extract_2026-08-29/panel_compact.csv,
2021-03,C1_LEATHER,Leather goods,CONTROL,174.36,,,,6,Chapter 42,20,R,2026-08-29,01_raw_data/raw_trade_data/meidb_hs6_extract_2026-08-29/panel_compact.csv,
2021-03,C2_FOOTWEAR,Footwear,CONTROL,190.88,,,,6,Chapter 64,25,R,2026-08-29,01_raw_data/raw_trade_data/meidb_hs6_extract_2026-08-29/panel_compact.csv,
2021-03,C3_COTTON,Cotton woven fabrics,CONTROL,179.11,,,,6,5208-5212,70,R,2026-08-29,01_raw_data/raw_trade_data/meidb_hs6_extract_2026-08-29/panel_compact.csv,
2021-04,B1_MOBILE,Electronics - telephone sets (HS 8517.1x proxy for the PLI-LSEM mobile-phone segment),CORE,170.13,,,,6,851711|851712|851713|851714|851718,3,R,2026-08-29,01_raw_data/raw_trade_data/meidb_hs6_extract_2026-08-29/panel_compact.csv,no-trade/absent: 851713|851714
2021-04,B2_PHARMA,Pharmaceutical formulations,CORE,1384.55,,,,6,3003xx+3004xx,21,R,2026-08-29,01_raw_data/raw_trade_data/meidb_hs6_extract_2026-08-29/panel_compact.csv,
2021-04,B3_AC,Air conditioners,CORE,16.52,,,,6,8415xx,6,R,2026-08-29,01_raw_data/raw_trade_data/meidb_hs6_extract_2026-08-29/panel_compact.csv,
2021-04,B4_TEXTILE,MMF fabrics (PLI Textiles Annexure-II),ROBUSTNESS,74.67,,,,6,14 named codes,14,R,2026-08-29,01_raw_data/raw_trade_data/meidb_hs6_extract_2026-08-29/panel_compact.csv,
2021-04,C1_LEATHER,Leather goods,CONTROL,160.42,,,,6,Chapter 42,20,R,2026-08-29,01_raw_data/raw_trade_data/meidb_hs6_extract_2026-08-29/panel_compact.csv,
2021-04,C2_FOOTWEAR,Footwear,CONTROL,164.43,,,,6,Chapter 64,25,R,2026-08-29,01_raw_data/raw_trade_data/meidb_hs6_extract_2026-08-29/panel_compact.csv,
2021-04,C3_COTTON,Cotton woven fabrics,CONTROL,182.57,,,,6,5208-5212,70,R,2026-08-29,01_raw_data/raw_trade_data/meidb_hs6_extract_2026-08-29/panel_compact.csv,
2021-05,B1_MOBILE,Electronics - telephone sets (HS 8517.1x proxy for the PLI-LSEM mobile-phone segment),CORE,232.94,,,,6,851711|851712|851713|851714|851718,3,R,2026-08-29,01_raw_data/raw_trade_data/meidb_hs6_extract_2026-08-29/panel_compact.csv,no-trade/absent: 851713|851714
2021-05,B2_PHARMA,Pharmaceutical formulations,CORE,1365.52,,,,6,3003xx+3004xx,21,R,2026-08-29,01_raw_data/raw_trade_data/meidb_hs6_extract_2026-08-29/panel_compact.csv,
2021-05,B3_AC,Air conditioners,CORE,14.58,,,,6,8415xx,6,R,2026-08-29,01_raw_data/raw_trade_data/meidb_hs6_extract_2026-08-29/panel_compact.csv,
2021-05,B4_TEXTILE,MMF fabrics (PLI Textiles Annexure-II),ROBUSTNESS,58.72,,,,6,14 named codes,14,R,2026-08-29,01_raw_data/raw_trade_data/meidb_hs6_extract_2026-08-29/panel_compact.csv,
2021-05,C1_LEATHER,Leather goods,CONTROL,147.8,,,,6,Chapter 42,20,R,2026-08-29,01_raw_data/raw_trade_data/meidb_hs6_extract_2026-08-29/panel_compact.csv,
2021-05,C2_FOOTWEAR,Footwear,CONTROL,144.16,,,,6,Chapter 64,25,R,2026-08-29,01_raw_data/raw_trade_data/meidb_hs6_extract_2026-08-29/panel_compact.csv,
2021-05,C3_COTTON,Cotton woven fabrics,CONTROL,162.31,,,,6,5208-5212,70,R,2026-08-29,01_raw_data/raw_trade_data/meidb_hs6_extract_2026-08-29/panel_compact.csv,
2021-06,B1_MOBILE,Electronics - telephone sets (HS 8517.1x proxy for the PLI-LSEM mobile-phone segment),CORE,232.57,,,,6,851711|851712|851713|851714|851718,3,R,2026-08-29,01_raw_data/raw_trade_data/meidb_hs6_extract_2026-08-29/panel_compact.csv,no-trade/absent: 851713|851714
2021-06,B2_PHARMA,Pharmaceutical formulations,CORE,1490.45,,,,6,3003xx+3004xx,21,R,2026-08-29,01_raw_data/raw_trade_data/meidb_hs6_extract_2026-08-29/panel_compact.csv,
2021-06,B3_AC,Air conditioners,CORE,16.3,,,,6,8415xx,6,R,2026-08-29,01_raw_data/raw_trade_data/meidb_hs6_extract_2026-08-29/panel_compact.csv,
2021-06,B4_TEXTILE,MMF fabrics (PLI Textiles Annexure-II),ROBUSTNESS,68.99,,,,6,14 named codes,14,R,2026-08-29,01_raw_data/raw_trade_data/meidb_hs6_extract_2026-08-29/panel_compact.csv,
2021-06,C1_LEATHER,Leather goods,CONTROL,169.79,,,,6,Chapter 42,20,R,2026-08-29,01_raw_data/raw_trade_data/meidb_hs6_extract_2026-08-29/panel_compact.csv,
2021-06,C2_FOOTWEAR,Footwear,CONTROL,187.81,,,,6,Chapter 64,25,R,2026-08-29,01_raw_data/raw_trade_data/meidb_hs6_extract_2026-08-29/panel_compact.csv,
2021-06,C3_COTTON,Cotton woven fabrics,CONTROL,171.63,,,,6,5208-5212,70,R,2026-08-29,01_raw_data/raw_trade_data/meidb_hs6_extract_2026-08-29/panel_compact.csv,
2021-07,B1_MOBILE,Electronics - telephone sets (HS 8517.1x proxy for the PLI-LSEM mobile-phone segment),CORE,423.11,,,,6,851711|851712|851713|851714|851718,3,R,2026-08-29,01_raw_data/raw_trade_data/meidb_hs6_extract_2026-08-29/panel_compact.csv,no-trade/absent: 851713|851714
2021-07,B2_PHARMA,Pharmaceutical formulations,CORE,1563.39,,,,6,3003xx+3004xx,21,R,2026-08-29,01_raw_data/raw_trade_data/meidb_hs6_extract_2026-08-29/panel_compact.csv,
2021-07,B3_AC,Air conditioners,CORE,19.16,,,,6,8415xx,6,R,2026-08-29,01_raw_data/raw_trade_data/meidb_hs6_extract_2026-08-29/panel_compact.csv,
2021-07,B4_TEXTILE,MMF fabrics (PLI Textiles Annexure-II),ROBUSTNESS,73.53,,,,6,14 named codes,14,R,2026-08-29,01_raw_data/raw_trade_data/meidb_hs6_extract_2026-08-29/panel_compact.csv,
2021-07,C1_LEATHER,Leather goods,CONTROL,227.14,,,,6,Chapter 42,20,R,2026-08-29,01_raw_data/raw_trade_data/meidb_hs6_extract_2026-08-29/panel_compact.csv,
2021-07,C2_FOOTWEAR,Footwear,CONTROL,214.94,,,,6,Chapter 64,25,R,2026-08-29,01_raw_data/raw_trade_data/meidb_hs6_extract_2026-08-29/panel_compact.csv,
2021-07,C3_COTTON,Cotton woven fabrics,CONTROL,196.49,,,,6,5208-5212,70,R,2026-08-29,01_raw_data/raw_trade_data/meidb_hs6_extract_2026-08-29/panel_compact.csv,
2021-08,B1_MOBILE,Electronics - telephone sets (HS 8517.1x proxy for the PLI-LSEM mobile-phone segment),CORE,348.85,,,,6,851711|851712|851713|851714|851718,3,R,2026-08-29,01_raw_data/raw_trade_data/meidb_hs6_extract_2026-08-29/panel_compact.csv,no-trade/absent: 851713|851714
2021-08,B2_PHARMA,Pharmaceutical formulations,CORE,1491.12,,,,6,3003xx+3004xx,21,R,2026-08-29,01_raw_data/raw_trade_data/meidb_hs6_extract_2026-08-29/panel_compact.csv,
2021-08,B3_AC,Air conditioners,CORE,18.37,,,,6,8415xx,6,R,2026-08-29,01_raw_data/raw_trade_data/meidb_hs6_extract_2026-08-29/panel_compact.csv,
2021-08,B4_TEXTILE,MMF fabrics (PLI Textiles Annexure-II),ROBUSTNESS,67.68,,,,6,14 named codes,14,R,2026-08-29,01_raw_data/raw_trade_data/meidb_hs6_extract_2026-08-29/panel_compact.csv,
2021-08,C1_LEATHER,Leather goods,CONTROL,217.56,,,,6,Chapter 42,20,R,2026-08-29,01_raw_data/raw_trade_data/meidb_hs6_extract_2026-08-29/panel_compact.csv,
2021-08,C2_FOOTWEAR,Footwear,CONTROL,221.49,,,,6,Chapter 64,25,R,2026-08-29,01_raw_data/raw_trade_data/meidb_hs6_extract_2026-08-29/panel_compact.csv,
2021-08,C3_COTTON,Cotton woven fabrics,CONTROL,200.87,,,,6,5208-5212,70,R,2026-08-29,01_raw_data/raw_trade_data/meidb_hs6_extract_2026-08-29/panel_compact.csv,
2021-09,B1_MOBILE,Electronics - telephone sets (HS 8517.1x proxy for the PLI-LSEM mobile-phone segment),CORE,302.32,,,,6,851711|851712|851713|851714|851718,3,R,2026-08-29,01_raw_data/raw_trade_data/meidb_hs6_extract_2026-08-29/panel_compact.csv,no-trade/absent: 851713|851714
2021-09,B2_PHARMA,Pharmaceutical formulations,CORE,1455.56,,,,6,3003xx+3004xx,21,R,2026-08-29,01_raw_data/raw_trade_data/meidb_hs6_extract_2026-08-29/panel_compact.csv,
2021-09,B3_AC,Air conditioners,CORE,19.63,,,,6,8415xx,6,R,2026-08-29,01_raw_data/raw_trade_data/meidb_hs6_extract_2026-08-29/panel_compact.csv,
2021-09,B4_TEXTILE,MMF fabrics (PLI Textiles Annexure-II),ROBUSTNESS,72.53,,,,6,14 named codes,14,R,2026-08-29,01_raw_data/raw_trade_data/meidb_hs6_extract_2026-08-29/panel_compact.csv,
2021-09,C1_LEATHER,Leather goods,CONTROL,237.77,,,,6,Chapter 42,20,R,2026-08-29,01_raw_data/raw_trade_data/meidb_hs6_extract_2026-08-29/panel_compact.csv,
2021-09,C2_FOOTWEAR,Footwear,CONTROL,208.87,,,,6,Chapter 64,25,R,2026-08-29,01_raw_data/raw_trade_data/meidb_hs6_extract_2026-08-29/panel_compact.csv,
2021-09,C3_COTTON,Cotton woven fabrics,CONTROL,191.15,,,,6,5208-5212,70,R,2026-08-29,01_raw_data/raw_trade_data/meidb_hs6_extract_2026-08-29/panel_compact.csv,
2021-10,B1_MOBILE,Electronics - telephone sets (HS 8517.1x proxy for the PLI-LSEM mobile-phone segment),CORE,496.69,,,,6,851711|851712|851713|851714|851718,3,R,2026-08-29,01_raw_data/raw_trade_data/meidb_hs6_extract_2026-08-29/panel_compact.csv,no-trade/absent: 851713|851714
2021-10,B2_PHARMA,Pharmaceutical formulations,CORE,1451.89,,,,6,3003xx+3004xx,21,R,2026-08-29,01_raw_data/raw_trade_data/meidb_hs6_extract_2026-08-29/panel_compact.csv,
2021-10,B3_AC,Air conditioners,CORE,18.83,,,,6,8415xx,6,R,2026-08-29,01_raw_data/raw_trade_data/meidb_hs6_extract_2026-08-29/panel_compact.csv,
2021-10,B4_TEXTILE,MMF fabrics (PLI Textiles Annexure-II),ROBUSTNESS,78.75,,,,6,14 named codes,14,R,2026-08-29,01_raw_data/raw_trade_data/meidb_hs6_extract_2026-08-29/panel_compact.csv,
2021-10,C1_LEATHER,Leather goods,CONTROL,230.35,,,,6,Chapter 42,20,R,2026-08-29,01_raw_data/raw_trade_data/meidb_hs6_extract_2026-08-29/panel_compact.csv,
2021-10,C2_FOOTWEAR,Footwear,CONTROL,197.97,,,,6,Chapter 64,25,R,2026-08-29,01_raw_data/raw_trade_data/meidb_hs6_extract_2026-08-29/panel_compact.csv,
2021-10,C3_COTTON,Cotton woven fabrics,CONTROL,215.79,,,,6,5208-5212,70,R,2026-08-29,01_raw_data/raw_trade_data/meidb_hs6_extract_2026-08-29/panel_compact.csv,
2021-11,B1_MOBILE,Electronics - telephone sets (HS 8517.1x proxy for the PLI-LSEM mobile-phone segment),CORE,693.14,,,,6,851711|851712|851713|851714|851718,3,R,2026-08-29,01_raw_data/raw_trade_data/meidb_hs6_extract_2026-08-29/panel_compact.csv,no-trade/absent: 851713|851714
2021-11,B2_PHARMA,Pharmaceutical formulations,CORE,1259.15,,,,6,3003xx+3004xx,21,R,2026-08-29,01_raw_data/raw_trade_data/meidb_hs6_extract_2026-08-29/panel_compact.csv,
2021-11,B3_AC,Air conditioners,CORE,17.49,,,,6,8415xx,6,R,2026-08-29,01_raw_data/raw_trade_data/meidb_hs6_extract_2026-08-29/panel_compact.csv,
2021-11,B4_TEXTILE,MMF fabrics (PLI Textiles Annexure-II),ROBUSTNESS,68.3,,,,6,14 named codes,14,R,2026-08-29,01_raw_data/raw_trade_data/meidb_hs6_extract_2026-08-29/panel_compact.csv,
2021-11,C1_LEATHER,Leather goods,CONTROL,218.43,,,,6,Chapter 42,20,R,2026-08-29,01_raw_data/raw_trade_data/meidb_hs6_extract_2026-08-29/panel_compact.csv,
2021-11,C2_FOOTWEAR,Footwear,CONTROL,194.18,,,,6,Chapter 64,25,R,2026-08-29,01_raw_data/raw_trade_data/meidb_hs6_extract_2026-08-29/panel_compact.csv,
2021-11,C3_COTTON,Cotton woven fabrics,CONTROL,192.27,,,,6,5208-5212,70,R,2026-08-29,01_raw_data/raw_trade_data/meidb_hs6_extract_2026-08-29/panel_compact.csv,
2021-12,B1_MOBILE,Electronics - telephone sets (HS 8517.1x proxy for the PLI-LSEM mobile-phone segment),CORE,777.49,,,,6,851711|851712|851713|851714|851718,3,R,2026-08-29,01_raw_data/raw_trade_data/meidb_hs6_extract_2026-08-29/panel_compact.csv,no-trade/absent: 851713|851714
2021-12,B2_PHARMA,Pharmaceutical formulations,CORE,1563.56,,,,6,3003xx+3004xx,21,R,2026-08-29,01_raw_data/raw_trade_data/meidb_hs6_extract_2026-08-29/panel_compact.csv,
2021-12,B3_AC,Air conditioners,CORE,20.45,,,,6,8415xx,6,R,2026-08-29,01_raw_data/raw_trade_data/meidb_hs6_extract_2026-08-29/panel_compact.csv,
2021-12,B4_TEXTILE,MMF fabrics (PLI Textiles Annexure-II),ROBUSTNESS,88.88,,,,6,14 named codes,14,R,2026-08-29,01_raw_data/raw_trade_data/meidb_hs6_extract_2026-08-29/panel_compact.csv,
2021-12,C1_LEATHER,Leather goods,CONTROL,228.84,,,,6,Chapter 42,20,R,2026-08-29,01_raw_data/raw_trade_data/meidb_hs6_extract_2026-08-29/panel_compact.csv,
2021-12,C2_FOOTWEAR,Footwear,CONTROL,236.59,,,,6,Chapter 64,25,R,2026-08-29,01_raw_data/raw_trade_data/meidb_hs6_extract_2026-08-29/panel_compact.csv,
2021-12,C3_COTTON,Cotton woven fabrics,CONTROL,237.11,,,,6,5208-5212,70,R,2026-08-29,01_raw_data/raw_trade_data/meidb_hs6_extract_2026-08-29/panel_compact.csv,
2022-01,B1_MOBILE,Electronics - telephone sets (HS 8517.1x proxy for the PLI-LSEM mobile-phone segment),CORE,536.12,,,,6,851711|851712|851713|851714|851718,3,R,2026-08-29,01_raw_data/raw_trade_data/meidb_hs6_extract_2026-08-29/panel_compact.csv,no-trade/absent: 851713|851714
2022-01,B2_PHARMA,Pharmaceutical formulations,CORE,1430.13,,,,6,3003xx+3004xx,21,R,2026-08-29,01_raw_data/raw_trade_data/meidb_hs6_extract_2026-08-29/panel_compact.csv,
2022-01,B3_AC,Air conditioners,CORE,20.59,,,,6,8415xx,6,R,2026-08-29,01_raw_data/raw_trade_data/meidb_hs6_extract_2026-08-29/panel_compact.csv,
2022-01,B4_TEXTILE,MMF fabrics (PLI Textiles Annexure-II),ROBUSTNESS,87.38,,,,6,14 named codes,14,R,2026-08-29,01_raw_data/raw_trade_data/meidb_hs6_extract_2026-08-29/panel_compact.csv,
2022-01,C1_LEATHER,Leather goods,CONTROL,232.57,,,,6,Chapter 42,20,R,2026-08-29,01_raw_data/raw_trade_data/meidb_hs6_extract_2026-08-29/panel_compact.csv,
2022-01,C2_FOOTWEAR,Footwear,CONTROL,241,,,,6,Chapter 64,25,R,2026-08-29,01_raw_data/raw_trade_data/meidb_hs6_extract_2026-08-29/panel_compact.csv,
2022-01,C3_COTTON,Cotton woven fabrics,CONTROL,239.01,,,,6,5208-5212,70,R,2026-08-29,01_raw_data/raw_trade_data/meidb_hs6_extract_2026-08-29/panel_compact.csv,
2022-02,B1_MOBILE,Electronics - telephone sets (HS 8517.1x proxy for the PLI-LSEM mobile-phone segment),CORE,603.5,,,,6,851711|851712|851713|851714|851718,3,R,2026-08-29,01_raw_data/raw_trade_data/meidb_hs6_extract_2026-08-29/panel_compact.csv,no-trade/absent: 851713|851714
2022-02,B2_PHARMA,Pharmaceutical formulations,CORE,1391.06,,,,6,3003xx+3004xx,22,R,2026-08-29,01_raw_data/raw_trade_data/meidb_hs6_extract_2026-08-29/panel_compact.csv,
2022-02,B3_AC,Air conditioners,CORE,25.22,,,,6,8415xx,6,R,2026-08-29,01_raw_data/raw_trade_data/meidb_hs6_extract_2026-08-29/panel_compact.csv,
2022-02,B4_TEXTILE,MMF fabrics (PLI Textiles Annexure-II),ROBUSTNESS,94.16,,,,6,14 named codes,14,R,2026-08-29,01_raw_data/raw_trade_data/meidb_hs6_extract_2026-08-29/panel_compact.csv,
2022-02,C1_LEATHER,Leather goods,CONTROL,227.99,,,,6,Chapter 42,20,R,2026-08-29,01_raw_data/raw_trade_data/meidb_hs6_extract_2026-08-29/panel_compact.csv,
2022-02,C2_FOOTWEAR,Footwear,CONTROL,242.31,,,,6,Chapter 64,25,R,2026-08-29,01_raw_data/raw_trade_data/meidb_hs6_extract_2026-08-29/panel_compact.csv,
2022-02,C3_COTTON,Cotton woven fabrics,CONTROL,235.36,,,,6,5208-5212,70,R,2026-08-29,01_raw_data/raw_trade_data/meidb_hs6_extract_2026-08-29/panel_compact.csv,
2022-03,B1_MOBILE,Electronics - telephone sets (HS 8517.1x proxy for the PLI-LSEM mobile-phone segment),CORE,813.67,,,,6,851711|851712|851713|851714|851718,3,R,2026-08-29,01_raw_data/raw_trade_data/meidb_hs6_extract_2026-08-29/panel_compact.csv,no-trade/absent: 851713|851714
2022-03,B2_PHARMA,Pharmaceutical formulations,CORE,1660.83,,,,6,3003xx+3004xx,22,R,2026-08-29,01_raw_data/raw_trade_data/meidb_hs6_extract_2026-08-29/panel_compact.csv,
2022-03,B3_AC,Air conditioners,CORE,26.57,,,,6,8415xx,6,R,2026-08-29,01_raw_data/raw_trade_data/meidb_hs6_extract_2026-08-29/panel_compact.csv,
2022-03,B4_TEXTILE,MMF fabrics (PLI Textiles Annexure-II),ROBUSTNESS,105.52,,,,6,14 named codes,14,R,2026-08-29,01_raw_data/raw_trade_data/meidb_hs6_extract_2026-08-29/panel_compact.csv,
2022-03,C1_LEATHER,Leather goods,CONTROL,240.04,,,,6,Chapter 42,20,R,2026-08-29,01_raw_data/raw_trade_data/meidb_hs6_extract_2026-08-29/panel_compact.csv,
2022-03,C2_FOOTWEAR,Footwear,CONTROL,256.6,,,,6,Chapter 64,25,R,2026-08-29,01_raw_data/raw_trade_data/meidb_hs6_extract_2026-08-29/panel_compact.csv,
2022-03,C3_COTTON,Cotton woven fabrics,CONTROL,228.38,,,,6,5208-5212,70,R,2026-08-29,01_raw_data/raw_trade_data/meidb_hs6_extract_2026-08-29/panel_compact.csv,
2022-04,B1_MOBILE,Electronics - telephone sets (HS 8517.1x proxy for the PLI-LSEM mobile-phone segment),CORE,691.84,,,,6,851711|851712|851713|851714|851718,5,R,2026-08-29,01_raw_data/raw_trade_data/meidb_hs6_extract_2026-08-29/panel_compact.csv,
2022-04,B2_PHARMA,Pharmaceutical formulations,CORE,1455.59,,,,6,3003xx+3004xx,21,R,2026-08-29,01_raw_data/raw_trade_data/meidb_hs6_extract_2026-08-29/panel_compact.csv,
2022-04,B3_AC,Air conditioners,CORE,20.42,,,,6,8415xx,6,R,2026-08-29,01_raw_data/raw_trade_data/meidb_hs6_extract_2026-08-29/panel_compact.csv,
2022-04,B4_TEXTILE,MMF fabrics (PLI Textiles Annexure-II),ROBUSTNESS,87.83,,,,6,14 named codes,14,R,2026-08-29,01_raw_data/raw_trade_data/meidb_hs6_extract_2026-08-29/panel_compact.csv,
2022-04,C1_LEATHER,Leather goods,CONTROL,219.4,,,,6,Chapter 42,20,R,2026-08-29,01_raw_data/raw_trade_data/meidb_hs6_extract_2026-08-29/panel_compact.csv,
2022-04,C2_FOOTWEAR,Footwear,CONTROL,239.36,,,,6,Chapter 64,25,R,2026-08-29,01_raw_data/raw_trade_data/meidb_hs6_extract_2026-08-29/panel_compact.csv,
2022-04,C3_COTTON,Cotton woven fabrics,CONTROL,210.77,,,,6,5208-5212,70,R,2026-08-29,01_raw_data/raw_trade_data/meidb_hs6_extract_2026-08-29/panel_compact.csv,
2022-05,B1_MOBILE,Electronics - telephone sets (HS 8517.1x proxy for the PLI-LSEM mobile-phone segment),CORE,448.42,,,,6,851711|851712|851713|851714|851718,5,R,2026-08-29,01_raw_data/raw_trade_data/meidb_hs6_extract_2026-08-29/panel_compact.csv,
2022-05,B2_PHARMA,Pharmaceutical formulations,CORE,1416.02,,,,6,3003xx+3004xx,21,R,2026-08-29,01_raw_data/raw_trade_data/meidb_hs6_extract_2026-08-29/panel_compact.csv,
2022-05,B3_AC,Air conditioners,CORE,23.95,,,,6,8415xx,6,R,2026-08-29,01_raw_data/raw_trade_data/meidb_hs6_extract_2026-08-29/panel_compact.csv,
2022-05,B4_TEXTILE,MMF fabrics (PLI Textiles Annexure-II),ROBUSTNESS,75.01,,,,6,14 named codes,14,R,2026-08-29,01_raw_data/raw_trade_data/meidb_hs6_extract_2026-08-29/panel_compact.csv,
2022-05,C1_LEATHER,Leather goods,CONTROL,219.65,,,,6,Chapter 42,20,R,2026-08-29,01_raw_data/raw_trade_data/meidb_hs6_extract_2026-08-29/panel_compact.csv,
2022-05,C2_FOOTWEAR,Footwear,CONTROL,248.65,,,,6,Chapter 64,25,R,2026-08-29,01_raw_data/raw_trade_data/meidb_hs6_extract_2026-08-29/panel_compact.csv,
2022-05,C3_COTTON,Cotton woven fabrics,CONTROL,209.01,,,,6,5208-5212,70,R,2026-08-29,01_raw_data/raw_trade_data/meidb_hs6_extract_2026-08-29/panel_compact.csv,
2022-06,B1_MOBILE,Electronics - telephone sets (HS 8517.1x proxy for the PLI-LSEM mobile-phone segment),CORE,713.26,,,,6,851711|851712|851713|851714|851718,5,R,2026-08-29,01_raw_data/raw_trade_data/meidb_hs6_extract_2026-08-29/panel_compact.csv,
2022-06,B2_PHARMA,Pharmaceutical formulations,CORE,1487.62,,,,6,3003xx+3004xx,21,R,2026-08-29,01_raw_data/raw_trade_data/meidb_hs6_extract_2026-08-29/panel_compact.csv,
2022-06,B3_AC,Air conditioners,CORE,26.82,,,,6,8415xx,6,R,2026-08-29,01_raw_data/raw_trade_data/meidb_hs6_extract_2026-08-29/panel_compact.csv,
2022-06,B4_TEXTILE,MMF fabrics (PLI Textiles Annexure-II),ROBUSTNESS,80.5,,,,6,14 named codes,14,R,2026-08-29,01_raw_data/raw_trade_data/meidb_hs6_extract_2026-08-29/panel_compact.csv,
2022-06,C1_LEATHER,Leather goods,CONTROL,252.97,,,,6,Chapter 42,20,R,2026-08-29,01_raw_data/raw_trade_data/meidb_hs6_extract_2026-08-29/panel_compact.csv,
2022-06,C2_FOOTWEAR,Footwear,CONTROL,272.03,,,,6,Chapter 64,25,R,2026-08-29,01_raw_data/raw_trade_data/meidb_hs6_extract_2026-08-29/panel_compact.csv,
2022-06,C3_COTTON,Cotton woven fabrics,CONTROL,179.13,,,,6,5208-5212,70,R,2026-08-29,01_raw_data/raw_trade_data/meidb_hs6_extract_2026-08-29/panel_compact.csv,
2022-07,B1_MOBILE,Electronics - telephone sets (HS 8517.1x proxy for the PLI-LSEM mobile-phone segment),CORE,695.72,,,,6,851711|851712|851713|851714|851718,5,R,2026-08-29,01_raw_data/raw_trade_data/meidb_hs6_extract_2026-08-29/panel_compact.csv,
2022-07,B2_PHARMA,Pharmaceutical formulations,CORE,1497.43,,,,6,3003xx+3004xx,21,R,2026-08-29,01_raw_data/raw_trade_data/meidb_hs6_extract_2026-08-29/panel_compact.csv,
2022-07,B3_AC,Air conditioners,CORE,29,,,,6,8415xx,6,R,2026-08-29,01_raw_data/raw_trade_data/meidb_hs6_extract_2026-08-29/panel_compact.csv,
2022-07,B4_TEXTILE,MMF fabrics (PLI Textiles Annexure-II),ROBUSTNESS,78.71,,,,6,14 named codes,14,R,2026-08-29,01_raw_data/raw_trade_data/meidb_hs6_extract_2026-08-29/panel_compact.csv,
2022-07,C1_LEATHER,Leather goods,CONTROL,249.29,,,,6,Chapter 42,20,R,2026-08-29,01_raw_data/raw_trade_data/meidb_hs6_extract_2026-08-29/panel_compact.csv,
2022-07,C2_FOOTWEAR,Footwear,CONTROL,297.68,,,,6,Chapter 64,25,R,2026-08-29,01_raw_data/raw_trade_data/meidb_hs6_extract_2026-08-29/panel_compact.csv,
2022-07,C3_COTTON,Cotton woven fabrics,CONTROL,169.66,,,,6,5208-5212,70,R,2026-08-29,01_raw_data/raw_trade_data/meidb_hs6_extract_2026-08-29/panel_compact.csv,
2022-08,B1_MOBILE,Electronics - telephone sets (HS 8517.1x proxy for the PLI-LSEM mobile-phone segment),CORE,675.77,,,,6,851711|851712|851713|851714|851718,5,R,2026-08-29,01_raw_data/raw_trade_data/meidb_hs6_extract_2026-08-29/panel_compact.csv,
2022-08,B2_PHARMA,Pharmaceutical formulations,CORE,1550.58,,,,6,3003xx+3004xx,21,R,2026-08-29,01_raw_data/raw_trade_data/meidb_hs6_extract_2026-08-29/panel_compact.csv,
2022-08,B3_AC,Air conditioners,CORE,21.61,,,,6,8415xx,6,R,2026-08-29,01_raw_data/raw_trade_data/meidb_hs6_extract_2026-08-29/panel_compact.csv,
2022-08,B4_TEXTILE,MMF fabrics (PLI Textiles Annexure-II),ROBUSTNESS,83.41,,,,6,14 named codes,14,R,2026-08-29,01_raw_data/raw_trade_data/meidb_hs6_extract_2026-08-29/panel_compact.csv,
2022-08,C1_LEATHER,Leather goods,CONTROL,234.32,,,,6,Chapter 42,20,R,2026-08-29,01_raw_data/raw_trade_data/meidb_hs6_extract_2026-08-29/panel_compact.csv,
2022-08,C2_FOOTWEAR,Footwear,CONTROL,267.27,,,,6,Chapter 64,25,R,2026-08-29,01_raw_data/raw_trade_data/meidb_hs6_extract_2026-08-29/panel_compact.csv,
2022-08,C3_COTTON,Cotton woven fabrics,CONTROL,183.11,,,,6,5208-5212,70,R,2026-08-29,01_raw_data/raw_trade_data/meidb_hs6_extract_2026-08-29/panel_compact.csv,
2022-09,B1_MOBILE,Electronics - telephone sets (HS 8517.1x proxy for the PLI-LSEM mobile-phone segment),CORE,895.47,,,,6,851711|851712|851713|851714|851718,5,R,2026-08-29,01_raw_data/raw_trade_data/meidb_hs6_extract_2026-08-29/panel_compact.csv,
2022-09,B2_PHARMA,Pharmaceutical formulations,CORE,1569.06,,,,6,3003xx+3004xx,21,R,2026-08-29,01_raw_data/raw_trade_data/meidb_hs6_extract_2026-08-29/panel_compact.csv,
2022-09,B3_AC,Air conditioners,CORE,21.82,,,,6,8415xx,6,R,2026-08-29,01_raw_data/raw_trade_data/meidb_hs6_extract_2026-08-29/panel_compact.csv,
2022-09,B4_TEXTILE,MMF fabrics (PLI Textiles Annexure-II),ROBUSTNESS,84.46,,,,6,14 named codes,14,R,2026-08-29,01_raw_data/raw_trade_data/meidb_hs6_extract_2026-08-29/panel_compact.csv,
2022-09,C1_LEATHER,Leather goods,CONTROL,234.7,,,,6,Chapter 42,20,R,2026-08-29,01_raw_data/raw_trade_data/meidb_hs6_extract_2026-08-29/panel_compact.csv,
2022-09,C2_FOOTWEAR,Footwear,CONTROL,257.91,,,,6,Chapter 64,25,R,2026-08-29,01_raw_data/raw_trade_data/meidb_hs6_extract_2026-08-29/panel_compact.csv,
2022-09,C3_COTTON,Cotton woven fabrics,CONTROL,178.07,,,,6,5208-5212,70,R,2026-08-29,01_raw_data/raw_trade_data/meidb_hs6_extract_2026-08-29/panel_compact.csv,
2022-10,B1_MOBILE,Electronics - telephone sets (HS 8517.1x proxy for the PLI-LSEM mobile-phone segment),CORE,909.96,,,,6,851711|851712|851713|851714|851718,5,R,2026-08-29,01_raw_data/raw_trade_data/meidb_hs6_extract_2026-08-29/panel_compact.csv,
2022-10,B2_PHARMA,Pharmaceutical formulations,CORE,1336.67,,,,6,3003xx+3004xx,21,R,2026-08-29,01_raw_data/raw_trade_data/meidb_hs6_extract_2026-08-29/panel_compact.csv,
2022-10,B3_AC,Air conditioners,CORE,17.22,,,,6,8415xx,6,R,2026-08-29,01_raw_data/raw_trade_data/meidb_hs6_extract_2026-08-29/panel_compact.csv,
2022-10,B4_TEXTILE,MMF fabrics (PLI Textiles Annexure-II),ROBUSTNESS,80.99,,,,6,14 named codes,14,R,2026-08-29,01_raw_data/raw_trade_data/meidb_hs6_extract_2026-08-29/panel_compact.csv,
2022-10,C1_LEATHER,Leather goods,CONTROL,193.88,,,,6,Chapter 42,20,R,2026-08-29,01_raw_data/raw_trade_data/meidb_hs6_extract_2026-08-29/panel_compact.csv,
2022-10,C2_FOOTWEAR,Footwear,CONTROL,217.44,,,,6,Chapter 64,25,R,2026-08-29,01_raw_data/raw_trade_data/meidb_hs6_extract_2026-08-29/panel_compact.csv,
2022-10,C3_COTTON,Cotton woven fabrics,CONTROL,151.41,,,,6,5208-5212,70,R,2026-08-29,01_raw_data/raw_trade_data/meidb_hs6_extract_2026-08-29/panel_compact.csv,
2022-11,B1_MOBILE,Electronics - telephone sets (HS 8517.1x proxy for the PLI-LSEM mobile-phone segment),CORE,1198.08,,,,6,851711|851712|851713|851714|851718,5,R,2026-08-29,01_raw_data/raw_trade_data/meidb_hs6_extract_2026-08-29/panel_compact.csv,
2022-11,B2_PHARMA,Pharmaceutical formulations,CORE,1435.52,,,,6,3003xx+3004xx,21,R,2026-08-29,01_raw_data/raw_trade_data/meidb_hs6_extract_2026-08-29/panel_compact.csv,
2022-11,B3_AC,Air conditioners,CORE,23.79,,,,6,8415xx,6,R,2026-08-29,01_raw_data/raw_trade_data/meidb_hs6_extract_2026-08-29/panel_compact.csv,
2022-11,B4_TEXTILE,MMF fabrics (PLI Textiles Annexure-II),ROBUSTNESS,78.8,,,,6,14 named codes,14,R,2026-08-29,01_raw_data/raw_trade_data/meidb_hs6_extract_2026-08-29/panel_compact.csv,
2022-11,C1_LEATHER,Leather goods,CONTROL,218.61,,,,6,Chapter 42,20,R,2026-08-29,01_raw_data/raw_trade_data/meidb_hs6_extract_2026-08-29/panel_compact.csv,
2022-11,C2_FOOTWEAR,Footwear,CONTROL,232.89,,,,6,Chapter 64,25,R,2026-08-29,01_raw_data/raw_trade_data/meidb_hs6_extract_2026-08-29/panel_compact.csv,
2022-11,C3_COTTON,Cotton woven fabrics,CONTROL,148.85,,,,6,5208-5212,70,R,2026-08-29,01_raw_data/raw_trade_data/meidb_hs6_extract_2026-08-29/panel_compact.csv,
2022-12,B1_MOBILE,Electronics - telephone sets (HS 8517.1x proxy for the PLI-LSEM mobile-phone segment),CORE,1193.88,,,,6,851711|851712|851713|851714|851718,5,R,2026-08-29,01_raw_data/raw_trade_data/meidb_hs6_extract_2026-08-29/panel_compact.csv,
2022-12,B2_PHARMA,Pharmaceutical formulations,CORE,1611.81,,,,6,3003xx+3004xx,21,R,2026-08-29,01_raw_data/raw_trade_data/meidb_hs6_extract_2026-08-29/panel_compact.csv,
2022-12,B3_AC,Air conditioners,CORE,28.95,,,,6,8415xx,6,R,2026-08-29,01_raw_data/raw_trade_data/meidb_hs6_extract_2026-08-29/panel_compact.csv,
2022-12,B4_TEXTILE,MMF fabrics (PLI Textiles Annexure-II),ROBUSTNESS,89.78,,,,6,14 named codes,14,R,2026-08-29,01_raw_data/raw_trade_data/meidb_hs6_extract_2026-08-29/panel_compact.csv,
2022-12,C1_LEATHER,Leather goods,CONTROL,214.84,,,,6,Chapter 42,20,R,2026-08-29,01_raw_data/raw_trade_data/meidb_hs6_extract_2026-08-29/panel_compact.csv,
2022-12,C2_FOOTWEAR,Footwear,CONTROL,248.64,,,,6,Chapter 64,25,R,2026-08-29,01_raw_data/raw_trade_data/meidb_hs6_extract_2026-08-29/panel_compact.csv,
2022-12,C3_COTTON,Cotton woven fabrics,CONTROL,168.23,,,,6,5208-5212,70,R,2026-08-29,01_raw_data/raw_trade_data/meidb_hs6_extract_2026-08-29/panel_compact.csv,
2023-01,B1_MOBILE,Electronics - telephone sets (HS 8517.1x proxy for the PLI-LSEM mobile-phone segment),CORE,1167.49,,,,6,851711|851712|851713|851714|851718,5,R,2026-08-29,01_raw_data/raw_trade_data/meidb_hs6_extract_2026-08-29/panel_compact.csv,
2023-01,B2_PHARMA,Pharmaceutical formulations,CORE,1399.34,,,,6,3003xx+3004xx,20,R,2026-08-29,01_raw_data/raw_trade_data/meidb_hs6_extract_2026-08-29/panel_compact.csv,
2023-01,B3_AC,Air conditioners,CORE,17.43,,,,6,8415xx,6,R,2026-08-29,01_raw_data/raw_trade_data/meidb_hs6_extract_2026-08-29/panel_compact.csv,
2023-01,B4_TEXTILE,MMF fabrics (PLI Textiles Annexure-II),ROBUSTNESS,105.22,,,,6,14 named codes,14,R,2026-08-29,01_raw_data/raw_trade_data/meidb_hs6_extract_2026-08-29/panel_compact.csv,
2023-01,C1_LEATHER,Leather goods,CONTROL,203.92,,,,6,Chapter 42,20,R,2026-08-29,01_raw_data/raw_trade_data/meidb_hs6_extract_2026-08-29/panel_compact.csv,
2023-01,C2_FOOTWEAR,Footwear,CONTROL,243.32,,,,6,Chapter 64,25,R,2026-08-29,01_raw_data/raw_trade_data/meidb_hs6_extract_2026-08-29/panel_compact.csv,
2023-01,C3_COTTON,Cotton woven fabrics,CONTROL,167.81,,,,6,5208-5212,70,R,2026-08-29,01_raw_data/raw_trade_data/meidb_hs6_extract_2026-08-29/panel_compact.csv,
2023-02,B1_MOBILE,Electronics - telephone sets (HS 8517.1x proxy for the PLI-LSEM mobile-phone segment),CORE,953.05,,,,6,851711|851712|851713|851714|851718,5,R,2026-08-29,01_raw_data/raw_trade_data/meidb_hs6_extract_2026-08-29/panel_compact.csv,
2023-02,B2_PHARMA,Pharmaceutical formulations,CORE,1448.01,,,,6,3003xx+3004xx,20,R,2026-08-29,01_raw_data/raw_trade_data/meidb_hs6_extract_2026-08-29/panel_compact.csv,
2023-02,B3_AC,Air conditioners,CORE,23.31,,,,6,8415xx,6,R,2026-08-29,01_raw_data/raw_trade_data/meidb_hs6_extract_2026-08-29/panel_compact.csv,
2023-02,B4_TEXTILE,MMF fabrics (PLI Textiles Annexure-II),ROBUSTNESS,103.2,,,,6,14 named codes,14,R,2026-08-29,01_raw_data/raw_trade_data/meidb_hs6_extract_2026-08-29/panel_compact.csv,
2023-02,C1_LEATHER,Leather goods,CONTROL,186.69,,,,6,Chapter 42,20,R,2026-08-29,01_raw_data/raw_trade_data/meidb_hs6_extract_2026-08-29/panel_compact.csv,
2023-02,C2_FOOTWEAR,Footwear,CONTROL,215.57,,,,6,Chapter 64,25,R,2026-08-29,01_raw_data/raw_trade_data/meidb_hs6_extract_2026-08-29/panel_compact.csv,
2023-02,C3_COTTON,Cotton woven fabrics,CONTROL,169.7,,,,6,5208-5212,70,R,2026-08-29,01_raw_data/raw_trade_data/meidb_hs6_extract_2026-08-29/panel_compact.csv,
2023-03,B1_MOBILE,Electronics - telephone sets (HS 8517.1x proxy for the PLI-LSEM mobile-phone segment),CORE,1648.13,,,,6,851711|851712|851713|851714|851718,5,R,2026-08-29,01_raw_data/raw_trade_data/meidb_hs6_extract_2026-08-29/panel_compact.csv,
2023-03,B2_PHARMA,Pharmaceutical formulations,CORE,1757.08,,,,6,3003xx+3004xx,20,R,2026-08-29,01_raw_data/raw_trade_data/meidb_hs6_extract_2026-08-29/panel_compact.csv,
2023-03,B3_AC,Air conditioners,CORE,33.66,,,,6,8415xx,6,R,2026-08-29,01_raw_data/raw_trade_data/meidb_hs6_extract_2026-08-29/panel_compact.csv,
2023-03,B4_TEXTILE,MMF fabrics (PLI Textiles Annexure-II),ROBUSTNESS,119.97,,,,6,14 named codes,14,R,2026-08-29,01_raw_data/raw_trade_data/meidb_hs6_extract_2026-08-29/panel_compact.csv,
2023-03,C1_LEATHER,Leather goods,CONTROL,200.06,,,,6,Chapter 42,20,R,2026-08-29,01_raw_data/raw_trade_data/meidb_hs6_extract_2026-08-29/panel_compact.csv,
2023-03,C2_FOOTWEAR,Footwear,CONTROL,211.15,,,,6,Chapter 64,25,R,2026-08-29,01_raw_data/raw_trade_data/meidb_hs6_extract_2026-08-29/panel_compact.csv,
2023-03,C3_COTTON,Cotton woven fabrics,CONTROL,180.74,,,,6,5208-5212,70,R,2026-08-29,01_raw_data/raw_trade_data/meidb_hs6_extract_2026-08-29/panel_compact.csv,
2023-04,B1_MOBILE,Electronics - telephone sets (HS 8517.1x proxy for the PLI-LSEM mobile-phone segment),CORE,1068.72,,,,6,851711|851712|851713|851714|851718,5,R,2026-08-29,01_raw_data/raw_trade_data/meidb_hs6_extract_2026-08-29/panel_compact.csv,
2023-04,B2_PHARMA,Pharmaceutical formulations,CORE,1659.48,,,,6,3003xx+3004xx,21,R,2026-08-29,01_raw_data/raw_trade_data/meidb_hs6_extract_2026-08-29/panel_compact.csv,
2023-04,B3_AC,Air conditioners,CORE,27.77,,,,6,8415xx,6,R,2026-08-29,01_raw_data/raw_trade_data/meidb_hs6_extract_2026-08-29/panel_compact.csv,
2023-04,B4_TEXTILE,MMF fabrics (PLI Textiles Annexure-II),ROBUSTNESS,85.37,,,,6,14 named codes,14,R,2026-08-29,01_raw_data/raw_trade_data/meidb_hs6_extract_2026-08-29/panel_compact.csv,
2023-04,C1_LEATHER,Leather goods,CONTROL,193.19,,,,6,Chapter 42,20,R,2026-08-29,01_raw_data/raw_trade_data/meidb_hs6_extract_2026-08-29/panel_compact.csv,
2023-04,C2_FOOTWEAR,Footwear,CONTROL,187.97,,,,6,Chapter 64,25,R,2026-08-29,01_raw_data/raw_trade_data/meidb_hs6_extract_2026-08-29/panel_compact.csv,
2023-04,C3_COTTON,Cotton woven fabrics,CONTROL,156.69,,,,6,5208-5212,70,R,2026-08-29,01_raw_data/raw_trade_data/meidb_hs6_extract_2026-08-29/panel_compact.csv,
2023-05,B1_MOBILE,Electronics - telephone sets (HS 8517.1x proxy for the PLI-LSEM mobile-phone segment),CORE,1365.96,,,,6,851711|851712|851713|851714|851718,5,R,2026-08-29,01_raw_data/raw_trade_data/meidb_hs6_extract_2026-08-29/panel_compact.csv,
2023-05,B2_PHARMA,Pharmaceutical formulations,CORE,1485.16,,,,6,3003xx+3004xx,21,R,2026-08-29,01_raw_data/raw_trade_data/meidb_hs6_extract_2026-08-29/panel_compact.csv,
2023-05,B3_AC,Air conditioners,CORE,25.63,,,,6,8415xx,6,R,2026-08-29,01_raw_data/raw_trade_data/meidb_hs6_extract_2026-08-29/panel_compact.csv,
2023-05,B4_TEXTILE,MMF fabrics (PLI Textiles Annexure-II),ROBUSTNESS,91.69,,,,6,14 named codes,14,R,2026-08-29,01_raw_data/raw_trade_data/meidb_hs6_extract_2026-08-29/panel_compact.csv,
2023-05,C1_LEATHER,Leather goods,CONTROL,193,,,,6,Chapter 42,20,R,2026-08-29,01_raw_data/raw_trade_data/meidb_hs6_extract_2026-08-29/panel_compact.csv,
2023-05,C2_FOOTWEAR,Footwear,CONTROL,229.94,,,,6,Chapter 64,25,R,2026-08-29,01_raw_data/raw_trade_data/meidb_hs6_extract_2026-08-29/panel_compact.csv,
2023-05,C3_COTTON,Cotton woven fabrics,CONTROL,152.63,,,,6,5208-5212,70,R,2026-08-29,01_raw_data/raw_trade_data/meidb_hs6_extract_2026-08-29/panel_compact.csv,
2023-06,B1_MOBILE,Electronics - telephone sets (HS 8517.1x proxy for the PLI-LSEM mobile-phone segment),CORE,1292.71,,,,6,851711|851712|851713|851714|851718,5,R,2026-08-29,01_raw_data/raw_trade_data/meidb_hs6_extract_2026-08-29/panel_compact.csv,
2023-06,B2_PHARMA,Pharmaceutical formulations,CORE,1558.49,,,,6,3003xx+3004xx,21,R,2026-08-29,01_raw_data/raw_trade_data/meidb_hs6_extract_2026-08-29/panel_compact.csv,
2023-06,B3_AC,Air conditioners,CORE,28.07,,,,6,8415xx,6,R,2026-08-29,01_raw_data/raw_trade_data/meidb_hs6_extract_2026-08-29/panel_compact.csv,
2023-06,B4_TEXTILE,MMF fabrics (PLI Textiles Annexure-II),ROBUSTNESS,80.49,,,,6,14 named codes,14,R,2026-08-29,01_raw_data/raw_trade_data/meidb_hs6_extract_2026-08-29/panel_compact.csv,
2023-06,C1_LEATHER,Leather goods,CONTROL,220.74,,,,6,Chapter 42,20,R,2026-08-29,01_raw_data/raw_trade_data/meidb_hs6_extract_2026-08-29/panel_compact.csv,
2023-06,C2_FOOTWEAR,Footwear,CONTROL,232.03,,,,6,Chapter 64,25,R,2026-08-29,01_raw_data/raw_trade_data/meidb_hs6_extract_2026-08-29/panel_compact.csv,
2023-06,C3_COTTON,Cotton woven fabrics,CONTROL,140.14,,,,6,5208-5212,70,R,2026-08-29,01_raw_data/raw_trade_data/meidb_hs6_extract_2026-08-29/panel_compact.csv,
2023-07,B1_MOBILE,Electronics - telephone sets (HS 8517.1x proxy for the PLI-LSEM mobile-phone segment),CORE,952.79,,,,6,851711|851712|851713|851714|851718,5,R,2026-08-29,01_raw_data/raw_trade_data/meidb_hs6_extract_2026-08-29/panel_compact.csv,
2023-07,B2_PHARMA,Pharmaceutical formulations,CORE,1498.92,,,,6,3003xx+3004xx,21,R,2026-08-29,01_raw_data/raw_trade_data/meidb_hs6_extract_2026-08-29/panel_compact.csv,
2023-07,B3_AC,Air conditioners,CORE,21.81,,,,6,8415xx,6,R,2026-08-29,01_raw_data/raw_trade_data/meidb_hs6_extract_2026-08-29/panel_compact.csv,
2023-07,B4_TEXTILE,MMF fabrics (PLI Textiles Annexure-II),ROBUSTNESS,86.47,,,,6,14 named codes,14,R,2026-08-29,01_raw_data/raw_trade_data/meidb_hs6_extract_2026-08-29/panel_compact.csv,
2023-07,C1_LEATHER,Leather goods,CONTROL,220.21,,,,6,Chapter 42,20,R,2026-08-29,01_raw_data/raw_trade_data/meidb_hs6_extract_2026-08-29/panel_compact.csv,
2023-07,C2_FOOTWEAR,Footwear,CONTROL,245.68,,,,6,Chapter 64,25,R,2026-08-29,01_raw_data/raw_trade_data/meidb_hs6_extract_2026-08-29/panel_compact.csv,
2023-07,C3_COTTON,Cotton woven fabrics,CONTROL,153.23,,,,6,5208-5212,70,R,2026-08-29,01_raw_data/raw_trade_data/meidb_hs6_extract_2026-08-29/panel_compact.csv,
2023-08,B1_MOBILE,Electronics - telephone sets (HS 8517.1x proxy for the PLI-LSEM mobile-phone segment),CORE,955.35,,,,6,851711|851712|851713|851714|851718,5,R,2026-08-29,01_raw_data/raw_trade_data/meidb_hs6_extract_2026-08-29/panel_compact.csv,
2023-08,B2_PHARMA,Pharmaceutical formulations,CORE,1618.75,,,,6,3003xx+3004xx,21,R,2026-08-29,01_raw_data/raw_trade_data/meidb_hs6_extract_2026-08-29/panel_compact.csv,
2023-08,B3_AC,Air conditioners,CORE,25.49,,,,6,8415xx,6,R,2026-08-29,01_raw_data/raw_trade_data/meidb_hs6_extract_2026-08-29/panel_compact.csv,
2023-08,B4_TEXTILE,MMF fabrics (PLI Textiles Annexure-II),ROBUSTNESS,97.54,,,,6,14 named codes,14,R,2026-08-29,01_raw_data/raw_trade_data/meidb_hs6_extract_2026-08-29/panel_compact.csv,
2023-08,C1_LEATHER,Leather goods,CONTROL,235.73,,,,6,Chapter 42,20,R,2026-08-29,01_raw_data/raw_trade_data/meidb_hs6_extract_2026-08-29/panel_compact.csv,
2023-08,C2_FOOTWEAR,Footwear,CONTROL,233.59,,,,6,Chapter 64,25,R,2026-08-29,01_raw_data/raw_trade_data/meidb_hs6_extract_2026-08-29/panel_compact.csv,
2023-08,C3_COTTON,Cotton woven fabrics,CONTROL,173.4,,,,6,5208-5212,70,R,2026-08-29,01_raw_data/raw_trade_data/meidb_hs6_extract_2026-08-29/panel_compact.csv,
2023-09,B1_MOBILE,Electronics - telephone sets (HS 8517.1x proxy for the PLI-LSEM mobile-phone segment),CORE,913.58,,,,6,851711|851712|851713|851714|851718,5,R,2026-08-29,01_raw_data/raw_trade_data/meidb_hs6_extract_2026-08-29/panel_compact.csv,
2023-09,B2_PHARMA,Pharmaceutical formulations,CORE,1758.81,,,,6,3003xx+3004xx,21,R,2026-08-29,01_raw_data/raw_trade_data/meidb_hs6_extract_2026-08-29/panel_compact.csv,
2023-09,B3_AC,Air conditioners,CORE,27.24,,,,6,8415xx,6,R,2026-08-29,01_raw_data/raw_trade_data/meidb_hs6_extract_2026-08-29/panel_compact.csv,
2023-09,B4_TEXTILE,MMF fabrics (PLI Textiles Annexure-II),ROBUSTNESS,86.69,,,,6,14 named codes,14,R,2026-08-29,01_raw_data/raw_trade_data/meidb_hs6_extract_2026-08-29/panel_compact.csv,
2023-09,C1_LEATHER,Leather goods,CONTROL,207.95,,,,6,Chapter 42,20,R,2026-08-29,01_raw_data/raw_trade_data/meidb_hs6_extract_2026-08-29/panel_compact.csv,
2023-09,C2_FOOTWEAR,Footwear,CONTROL,170.21,,,,6,Chapter 64,25,R,2026-08-29,01_raw_data/raw_trade_data/meidb_hs6_extract_2026-08-29/panel_compact.csv,
2023-09,C3_COTTON,Cotton woven fabrics,CONTROL,156.42,,,,6,5208-5212,70,R,2026-08-29,01_raw_data/raw_trade_data/meidb_hs6_extract_2026-08-29/panel_compact.csv,
2023-10,B1_MOBILE,Electronics - telephone sets (HS 8517.1x proxy for the PLI-LSEM mobile-phone segment),CORE,1268.8,,,,6,851711|851712|851713|851714|851718,5,R,2026-08-29,01_raw_data/raw_trade_data/meidb_hs6_extract_2026-08-29/panel_compact.csv,
2023-10,B2_PHARMA,Pharmaceutical formulations,CORE,1690.92,,,,6,3003xx+3004xx,21,R,2026-08-29,01_raw_data/raw_trade_data/meidb_hs6_extract_2026-08-29/panel_compact.csv,
2023-10,B3_AC,Air conditioners,CORE,23.03,,,,6,8415xx,6,R,2026-08-29,01_raw_data/raw_trade_data/meidb_hs6_extract_2026-08-29/panel_compact.csv,
2023-10,B4_TEXTILE,MMF fabrics (PLI Textiles Annexure-II),ROBUSTNESS,92.99,,,,6,14 named codes,14,R,2026-08-29,01_raw_data/raw_trade_data/meidb_hs6_extract_2026-08-29/panel_compact.csv,
2023-10,C1_LEATHER,Leather goods,CONTROL,201.23,,,,6,Chapter 42,20,R,2026-08-29,01_raw_data/raw_trade_data/meidb_hs6_extract_2026-08-29/panel_compact.csv,
2023-10,C2_FOOTWEAR,Footwear,CONTROL,180.72,,,,6,Chapter 64,25,R,2026-08-29,01_raw_data/raw_trade_data/meidb_hs6_extract_2026-08-29/panel_compact.csv,
2023-10,C3_COTTON,Cotton woven fabrics,CONTROL,158.73,,,,6,5208-5212,70,R,2026-08-29,01_raw_data/raw_trade_data/meidb_hs6_extract_2026-08-29/panel_compact.csv,
2023-11,B1_MOBILE,Electronics - telephone sets (HS 8517.1x proxy for the PLI-LSEM mobile-phone segment),CORE,1267.83,,,,6,851711|851712|851713|851714|851718,5,R,2026-08-29,01_raw_data/raw_trade_data/meidb_hs6_extract_2026-08-29/panel_compact.csv,
2023-11,B2_PHARMA,Pharmaceutical formulations,CORE,1530.11,,,,6,3003xx+3004xx,21,R,2026-08-29,01_raw_data/raw_trade_data/meidb_hs6_extract_2026-08-29/panel_compact.csv,
2023-11,B3_AC,Air conditioners,CORE,28.12,,,,6,8415xx,6,R,2026-08-29,01_raw_data/raw_trade_data/meidb_hs6_extract_2026-08-29/panel_compact.csv,
2023-11,B4_TEXTILE,MMF fabrics (PLI Textiles Annexure-II),ROBUSTNESS,73.38,,,,6,14 named codes,14,R,2026-08-29,01_raw_data/raw_trade_data/meidb_hs6_extract_2026-08-29/panel_compact.csv,
2023-11,C1_LEATHER,Leather goods,CONTROL,184.22,,,,6,Chapter 42,20,R,2026-08-29,01_raw_data/raw_trade_data/meidb_hs6_extract_2026-08-29/panel_compact.csv,
2023-11,C2_FOOTWEAR,Footwear,CONTROL,182.55,,,,6,Chapter 64,25,R,2026-08-29,01_raw_data/raw_trade_data/meidb_hs6_extract_2026-08-29/panel_compact.csv,
2023-11,C3_COTTON,Cotton woven fabrics,CONTROL,134,,,,6,5208-5212,70,R,2026-08-29,01_raw_data/raw_trade_data/meidb_hs6_extract_2026-08-29/panel_compact.csv,
2023-12,B1_MOBILE,Electronics - telephone sets (HS 8517.1x proxy for the PLI-LSEM mobile-phone segment),CORE,1447.14,,,,6,851711|851712|851713|851714|851718,5,R,2026-08-29,01_raw_data/raw_trade_data/meidb_hs6_extract_2026-08-29/panel_compact.csv,
2023-12,B2_PHARMA,Pharmaceutical formulations,CORE,1782.74,,,,6,3003xx+3004xx,21,R,2026-08-29,01_raw_data/raw_trade_data/meidb_hs6_extract_2026-08-29/panel_compact.csv,
2023-12,B3_AC,Air conditioners,CORE,32.73,,,,6,8415xx,6,R,2026-08-29,01_raw_data/raw_trade_data/meidb_hs6_extract_2026-08-29/panel_compact.csv,
2023-12,B4_TEXTILE,MMF fabrics (PLI Textiles Annexure-II),ROBUSTNESS,84.76,,,,6,14 named codes,14,R,2026-08-29,01_raw_data/raw_trade_data/meidb_hs6_extract_2026-08-29/panel_compact.csv,
2023-12,C1_LEATHER,Leather goods,CONTROL,199.53,,,,6,Chapter 42,20,R,2026-08-29,01_raw_data/raw_trade_data/meidb_hs6_extract_2026-08-29/panel_compact.csv,
2023-12,C2_FOOTWEAR,Footwear,CONTROL,201.23,,,,6,Chapter 64,25,R,2026-08-29,01_raw_data/raw_trade_data/meidb_hs6_extract_2026-08-29/panel_compact.csv,
2023-12,C3_COTTON,Cotton woven fabrics,CONTROL,148.02,,,,6,5208-5212,70,R,2026-08-29,01_raw_data/raw_trade_data/meidb_hs6_extract_2026-08-29/panel_compact.csv,
2024-01,B1_MOBILE,Electronics - telephone sets (HS 8517.1x proxy for the PLI-LSEM mobile-phone segment),CORE,1317.7,,,,6,851711|851712|851713|851714|851718,5,R,2026-08-29,01_raw_data/raw_trade_data/meidb_hs6_extract_2026-08-29/panel_compact.csv,
2024-01,B2_PHARMA,Pharmaceutical formulations,CORE,1521.03,,,,6,3003xx+3004xx,20,R,2026-08-29,01_raw_data/raw_trade_data/meidb_hs6_extract_2026-08-29/panel_compact.csv,
2024-01,B3_AC,Air conditioners,CORE,25.84,,,,6,8415xx,6,R,2026-08-29,01_raw_data/raw_trade_data/meidb_hs6_extract_2026-08-29/panel_compact.csv,
2024-01,B4_TEXTILE,MMF fabrics (PLI Textiles Annexure-II),ROBUSTNESS,89.63,,,,6,14 named codes,14,R,2026-08-29,01_raw_data/raw_trade_data/meidb_hs6_extract_2026-08-29/panel_compact.csv,
2024-01,C1_LEATHER,Leather goods,CONTROL,190.09,,,,6,Chapter 42,20,R,2026-08-29,01_raw_data/raw_trade_data/meidb_hs6_extract_2026-08-29/panel_compact.csv,
2024-01,C2_FOOTWEAR,Footwear,CONTROL,218.79,,,,6,Chapter 64,25,R,2026-08-29,01_raw_data/raw_trade_data/meidb_hs6_extract_2026-08-29/panel_compact.csv,
2024-01,C3_COTTON,Cotton woven fabrics,CONTROL,148.81,,,,6,5208-5212,70,R,2026-08-29,01_raw_data/raw_trade_data/meidb_hs6_extract_2026-08-29/panel_compact.csv,
2024-02,B1_MOBILE,Electronics - telephone sets (HS 8517.1x proxy for the PLI-LSEM mobile-phone segment),CORE,1758.92,,,,6,851711|851712|851713|851714|851718,5,R,2026-08-29,01_raw_data/raw_trade_data/meidb_hs6_extract_2026-08-29/panel_compact.csv,
2024-02,B2_PHARMA,Pharmaceutical formulations,CORE,1856.28,,,,6,3003xx+3004xx,20,R,2026-08-29,01_raw_data/raw_trade_data/meidb_hs6_extract_2026-08-29/panel_compact.csv,
2024-02,B3_AC,Air conditioners,CORE,30.04,,,,6,8415xx,6,R,2026-08-29,01_raw_data/raw_trade_data/meidb_hs6_extract_2026-08-29/panel_compact.csv,
2024-02,B4_TEXTILE,MMF fabrics (PLI Textiles Annexure-II),ROBUSTNESS,104.49,,,,6,14 named codes,14,R,2026-08-29,01_raw_data/raw_trade_data/meidb_hs6_extract_2026-08-29/panel_compact.csv,
2024-02,C1_LEATHER,Leather goods,CONTROL,194.42,,,,6,Chapter 42,20,R,2026-08-29,01_raw_data/raw_trade_data/meidb_hs6_extract_2026-08-29/panel_compact.csv,
2024-02,C2_FOOTWEAR,Footwear,CONTROL,204.96,,,,6,Chapter 64,25,R,2026-08-29,01_raw_data/raw_trade_data/meidb_hs6_extract_2026-08-29/panel_compact.csv,
2024-02,C3_COTTON,Cotton woven fabrics,CONTROL,166.1,,,,6,5208-5212,70,R,2026-08-29,01_raw_data/raw_trade_data/meidb_hs6_extract_2026-08-29/panel_compact.csv,
2024-03,B1_MOBILE,Electronics - telephone sets (HS 8517.1x proxy for the PLI-LSEM mobile-phone segment),CORE,1990.33,,,,6,851711|851712|851713|851714|851718,5,R,2026-08-29,01_raw_data/raw_trade_data/meidb_hs6_extract_2026-08-29/panel_compact.csv,
2024-03,B2_PHARMA,Pharmaceutical formulations,CORE,2023.67,,,,6,3003xx+3004xx,20,R,2026-08-29,01_raw_data/raw_trade_data/meidb_hs6_extract_2026-08-29/panel_compact.csv,
2024-03,B3_AC,Air conditioners,CORE,40.97,,,,6,8415xx,6,R,2026-08-29,01_raw_data/raw_trade_data/meidb_hs6_extract_2026-08-29/panel_compact.csv,
2024-03,B4_TEXTILE,MMF fabrics (PLI Textiles Annexure-II),ROBUSTNESS,98.8,,,,6,14 named codes,14,R,2026-08-29,01_raw_data/raw_trade_data/meidb_hs6_extract_2026-08-29/panel_compact.csv,
2024-03,C1_LEATHER,Leather goods,CONTROL,206.7,,,,6,Chapter 42,20,R,2026-08-29,01_raw_data/raw_trade_data/meidb_hs6_extract_2026-08-29/panel_compact.csv,
2024-03,C2_FOOTWEAR,Footwear,CONTROL,202.37,,,,6,Chapter 64,25,R,2026-08-29,01_raw_data/raw_trade_data/meidb_hs6_extract_2026-08-29/panel_compact.csv,
2024-03,C3_COTTON,Cotton woven fabrics,CONTROL,184.05,,,,6,5208-5212,70,R,2026-08-29,01_raw_data/raw_trade_data/meidb_hs6_extract_2026-08-29/panel_compact.csv,
2024-04,B1_MOBILE,Electronics - telephone sets (HS 8517.1x proxy for the PLI-LSEM mobile-phone segment),CORE,1513.61,,,,6,851711|851712|851713|851714|851718,5,R,2026-08-29,01_raw_data/raw_trade_data/meidb_hs6_extract_2026-08-29/panel_compact.csv,
2024-04,B2_PHARMA,Pharmaceutical formulations,CORE,1875.97,,,,6,3003xx+3004xx,20,R,2026-08-29,01_raw_data/raw_trade_data/meidb_hs6_extract_2026-08-29/panel_compact.csv,
2024-04,B3_AC,Air conditioners,CORE,23.56,,,,6,8415xx,6,R,2026-08-29,01_raw_data/raw_trade_data/meidb_hs6_extract_2026-08-29/panel_compact.csv,
2024-04,B4_TEXTILE,MMF fabrics (PLI Textiles Annexure-II),ROBUSTNESS,76.55,,,,6,14 named codes,14,R,2026-08-29,01_raw_data/raw_trade_data/meidb_hs6_extract_2026-08-29/panel_compact.csv,
2024-04,C1_LEATHER,Leather goods,CONTROL,184.4,,,,6,Chapter 42,20,R,2026-08-29,01_raw_data/raw_trade_data/meidb_hs6_extract_2026-08-29/panel_compact.csv,
2024-04,C2_FOOTWEAR,Footwear,CONTROL,169.85,,,,6,Chapter 64,25,R,2026-08-29,01_raw_data/raw_trade_data/meidb_hs6_extract_2026-08-29/panel_compact.csv,
2024-04,C3_COTTON,Cotton woven fabrics,CONTROL,144.92,,,,6,5208-5212,70,R,2026-08-29,01_raw_data/raw_trade_data/meidb_hs6_extract_2026-08-29/panel_compact.csv,
2024-05,B1_MOBILE,Electronics - telephone sets (HS 8517.1x proxy for the PLI-LSEM mobile-phone segment),CORE,1780.8,,,,6,851711|851712|851713|851714|851718,5,R,2026-08-29,01_raw_data/raw_trade_data/meidb_hs6_extract_2026-08-29/panel_compact.csv,
2024-05,B2_PHARMA,Pharmaceutical formulations,CORE,1660.53,,,,6,3003xx+3004xx,20,R,2026-08-29,01_raw_data/raw_trade_data/meidb_hs6_extract_2026-08-29/panel_compact.csv,
2024-05,B3_AC,Air conditioners,CORE,34.29,,,,6,8415xx,6,R,2026-08-29,01_raw_data/raw_trade_data/meidb_hs6_extract_2026-08-29/panel_compact.csv,
2024-05,B4_TEXTILE,MMF fabrics (PLI Textiles Annexure-II),ROBUSTNESS,87.06,,,,6,14 named codes,14,R,2026-08-29,01_raw_data/raw_trade_data/meidb_hs6_extract_2026-08-29/panel_compact.csv,
2024-05,C1_LEATHER,Leather goods,CONTROL,211.18,,,,6,Chapter 42,20,R,2026-08-29,01_raw_data/raw_trade_data/meidb_hs6_extract_2026-08-29/panel_compact.csv,
2024-05,C2_FOOTWEAR,Footwear,CONTROL,198.96,,,,6,Chapter 64,25,R,2026-08-29,01_raw_data/raw_trade_data/meidb_hs6_extract_2026-08-29/panel_compact.csv,
2024-05,C3_COTTON,Cotton woven fabrics,CONTROL,160.61,,,,6,5208-5212,70,R,2026-08-29,01_raw_data/raw_trade_data/meidb_hs6_extract_2026-08-29/panel_compact.csv,
2024-06,B1_MOBILE,Electronics - telephone sets (HS 8517.1x proxy for the PLI-LSEM mobile-phone segment),CORE,1612.51,,,,6,851711|851712|851713|851714|851718,5,R,2026-08-29,01_raw_data/raw_trade_data/meidb_hs6_extract_2026-08-29/panel_compact.csv,
2024-06,B2_PHARMA,Pharmaceutical formulations,CORE,1805.45,,,,6,3003xx+3004xx,20,R,2026-08-29,01_raw_data/raw_trade_data/meidb_hs6_extract_2026-08-29/panel_compact.csv,
2024-06,B3_AC,Air conditioners,CORE,32.99,,,,6,8415xx,6,R,2026-08-29,01_raw_data/raw_trade_data/meidb_hs6_extract_2026-08-29/panel_compact.csv,
2024-06,B4_TEXTILE,MMF fabrics (PLI Textiles Annexure-II),ROBUSTNESS,72.87,,,,6,14 named codes,14,R,2026-08-29,01_raw_data/raw_trade_data/meidb_hs6_extract_2026-08-29/panel_compact.csv,
2024-06,C1_LEATHER,Leather goods,CONTROL,216.89,,,,6,Chapter 42,20,R,2026-08-29,01_raw_data/raw_trade_data/meidb_hs6_extract_2026-08-29/panel_compact.csv,
2024-06,C2_FOOTWEAR,Footwear,CONTROL,229.88,,,,6,Chapter 64,25,R,2026-08-29,01_raw_data/raw_trade_data/meidb_hs6_extract_2026-08-29/panel_compact.csv,
2024-06,C3_COTTON,Cotton woven fabrics,CONTROL,139.83,,,,6,5208-5212,70,R,2026-08-29,01_raw_data/raw_trade_data/meidb_hs6_extract_2026-08-29/panel_compact.csv,
2024-07,B1_MOBILE,Electronics - telephone sets (HS 8517.1x proxy for the PLI-LSEM mobile-phone segment),CORE,1550.24,,,,6,851711|851712|851713|851714|851718,5,R,2026-08-29,01_raw_data/raw_trade_data/meidb_hs6_extract_2026-08-29/panel_compact.csv,
2024-07,B2_PHARMA,Pharmaceutical formulations,CORE,1709.62,,,,6,3003xx+3004xx,20,R,2026-08-29,01_raw_data/raw_trade_data/meidb_hs6_extract_2026-08-29/panel_compact.csv,
2024-07,B3_AC,Air conditioners,CORE,34.4,,,,6,8415xx,6,R,2026-08-29,01_raw_data/raw_trade_data/meidb_hs6_extract_2026-08-29/panel_compact.csv,
2024-07,B4_TEXTILE,MMF fabrics (PLI Textiles Annexure-II),ROBUSTNESS,82.18,,,,6,14 named codes,14,R,2026-08-29,01_raw_data/raw_trade_data/meidb_hs6_extract_2026-08-29/panel_compact.csv,
2024-07,C1_LEATHER,Leather goods,CONTROL,225.17,,,,6,Chapter 42,20,R,2026-08-29,01_raw_data/raw_trade_data/meidb_hs6_extract_2026-08-29/panel_compact.csv,
2024-07,C2_FOOTWEAR,Footwear,CONTROL,249.39,,,,6,Chapter 64,25,R,2026-08-29,01_raw_data/raw_trade_data/meidb_hs6_extract_2026-08-29/panel_compact.csv,
2024-07,C3_COTTON,Cotton woven fabrics,CONTROL,146.14,,,,6,5208-5212,70,R,2026-08-29,01_raw_data/raw_trade_data/meidb_hs6_extract_2026-08-29/panel_compact.csv,
2024-08,B1_MOBILE,Electronics - telephone sets (HS 8517.1x proxy for the PLI-LSEM mobile-phone segment),CORE,1098.86,,,,6,851711|851712|851713|851714|851718,5,R,2026-08-29,01_raw_data/raw_trade_data/meidb_hs6_extract_2026-08-29/panel_compact.csv,
2024-08,B2_PHARMA,Pharmaceutical formulations,CORE,1735.66,,,,6,3003xx+3004xx,20,R,2026-08-29,01_raw_data/raw_trade_data/meidb_hs6_extract_2026-08-29/panel_compact.csv,
2024-08,B3_AC,Air conditioners,CORE,39.16,,,,6,8415xx,6,R,2026-08-29,01_raw_data/raw_trade_data/meidb_hs6_extract_2026-08-29/panel_compact.csv,
2024-08,B4_TEXTILE,MMF fabrics (PLI Textiles Annexure-II),ROBUSTNESS,85.01,,,,6,14 named codes,14,R,2026-08-29,01_raw_data/raw_trade_data/meidb_hs6_extract_2026-08-29/panel_compact.csv,
2024-08,C1_LEATHER,Leather goods,CONTROL,244.02,,,,6,Chapter 42,20,R,2026-08-29,01_raw_data/raw_trade_data/meidb_hs6_extract_2026-08-29/panel_compact.csv,
2024-08,C2_FOOTWEAR,Footwear,CONTROL,227.77,,,,6,Chapter 64,25,R,2026-08-29,01_raw_data/raw_trade_data/meidb_hs6_extract_2026-08-29/panel_compact.csv,
2024-08,C3_COTTON,Cotton woven fabrics,CONTROL,153.55,,,,6,5208-5212,70,R,2026-08-29,01_raw_data/raw_trade_data/meidb_hs6_extract_2026-08-29/panel_compact.csv,
2024-09,B1_MOBILE,Electronics - telephone sets (HS 8517.1x proxy for the PLI-LSEM mobile-phone segment),CORE,924.51,,,,6,851711|851712|851713|851714|851718,5,R,2026-08-29,01_raw_data/raw_trade_data/meidb_hs6_extract_2026-08-29/panel_compact.csv,
2024-09,B2_PHARMA,Pharmaceutical formulations,CORE,1846.9,,,,6,3003xx+3004xx,20,R,2026-08-29,01_raw_data/raw_trade_data/meidb_hs6_extract_2026-08-29/panel_compact.csv,
2024-09,B3_AC,Air conditioners,CORE,35.04,,,,6,8415xx,6,R,2026-08-29,01_raw_data/raw_trade_data/meidb_hs6_extract_2026-08-29/panel_compact.csv,
2024-09,B4_TEXTILE,MMF fabrics (PLI Textiles Annexure-II),ROBUSTNESS,87.28,,,,6,14 named codes,14,R,2026-08-29,01_raw_data/raw_trade_data/meidb_hs6_extract_2026-08-29/panel_compact.csv,
2024-09,C1_LEATHER,Leather goods,CONTROL,228.09,,,,6,Chapter 42,20,R,2026-08-29,01_raw_data/raw_trade_data/meidb_hs6_extract_2026-08-29/panel_compact.csv,
2024-09,C2_FOOTWEAR,Footwear,CONTROL,192.15,,,,6,Chapter 64,25,R,2026-08-29,01_raw_data/raw_trade_data/meidb_hs6_extract_2026-08-29/panel_compact.csv,
2024-09,C3_COTTON,Cotton woven fabrics,CONTROL,166.49,,,,6,5208-5212,70,R,2026-08-29,01_raw_data/raw_trade_data/meidb_hs6_extract_2026-08-29/panel_compact.csv,
2024-10,B1_MOBILE,Electronics - telephone sets (HS 8517.1x proxy for the PLI-LSEM mobile-phone segment),CORE,2212.74,,,,6,851711|851712|851713|851714|851718,5,R,2026-08-29,01_raw_data/raw_trade_data/meidb_hs6_extract_2026-08-29/panel_compact.csv,
2024-10,B2_PHARMA,Pharmaceutical formulations,CORE,1912,,,,6,3003xx+3004xx,20,R,2026-08-29,01_raw_data/raw_trade_data/meidb_hs6_extract_2026-08-29/panel_compact.csv,
2024-10,B3_AC,Air conditioners,CORE,40.33,,,,6,8415xx,6,R,2026-08-29,01_raw_data/raw_trade_data/meidb_hs6_extract_2026-08-29/panel_compact.csv,
2024-10,B4_TEXTILE,MMF fabrics (PLI Textiles Annexure-II),ROBUSTNESS,96.62,,,,6,14 named codes,14,R,2026-08-29,01_raw_data/raw_trade_data/meidb_hs6_extract_2026-08-29/panel_compact.csv,
2024-10,C1_LEATHER,Leather goods,CONTROL,236.97,,,,6,Chapter 42,20,R,2026-08-29,01_raw_data/raw_trade_data/meidb_hs6_extract_2026-08-29/panel_compact.csv,
2024-10,C2_FOOTWEAR,Footwear,CONTROL,203.51,,,,6,Chapter 64,25,R,2026-08-29,01_raw_data/raw_trade_data/meidb_hs6_extract_2026-08-29/panel_compact.csv,
2024-10,C3_COTTON,Cotton woven fabrics,CONTROL,178.7,,,,6,5208-5212,70,R,2026-08-29,01_raw_data/raw_trade_data/meidb_hs6_extract_2026-08-29/panel_compact.csv,
2024-11,B1_MOBILE,Electronics - telephone sets (HS 8517.1x proxy for the PLI-LSEM mobile-phone segment),CORE,2403.13,,,,6,851711|851712|851713|851714|851718,5,R,2026-08-29,01_raw_data/raw_trade_data/meidb_hs6_extract_2026-08-29/panel_compact.csv,
2024-11,B2_PHARMA,Pharmaceutical formulations,CORE,1524.35,,,,6,3003xx+3004xx,20,R,2026-08-29,01_raw_data/raw_trade_data/meidb_hs6_extract_2026-08-29/panel_compact.csv,
2024-11,B3_AC,Air conditioners,CORE,32.33,,,,6,8415xx,6,R,2026-08-29,01_raw_data/raw_trade_data/meidb_hs6_extract_2026-08-29/panel_compact.csv,
2024-11,B4_TEXTILE,MMF fabrics (PLI Textiles Annexure-II),ROBUSTNESS,66.97,,,,6,14 named codes,14,R,2026-08-29,01_raw_data/raw_trade_data/meidb_hs6_extract_2026-08-29/panel_compact.csv,
2024-11,C1_LEATHER,Leather goods,CONTROL,200.52,,,,6,Chapter 42,20,R,2026-08-29,01_raw_data/raw_trade_data/meidb_hs6_extract_2026-08-29/panel_compact.csv,
2024-11,C2_FOOTWEAR,Footwear,CONTROL,184.11,,,,6,Chapter 64,25,R,2026-08-29,01_raw_data/raw_trade_data/meidb_hs6_extract_2026-08-29/panel_compact.csv,
2024-11,C3_COTTON,Cotton woven fabrics,CONTROL,139.45,,,,6,5208-5212,70,R,2026-08-29,01_raw_data/raw_trade_data/meidb_hs6_extract_2026-08-29/panel_compact.csv,
2024-12,B1_MOBILE,Electronics - telephone sets (HS 8517.1x proxy for the PLI-LSEM mobile-phone segment),CORE,2302.65,,,,6,851711|851712|851713|851714|851718,5,R,2026-08-29,01_raw_data/raw_trade_data/meidb_hs6_extract_2026-08-29/panel_compact.csv,
2024-12,B2_PHARMA,Pharmaceutical formulations,CORE,1819.28,,,,6,3003xx+3004xx,20,R,2026-08-29,01_raw_data/raw_trade_data/meidb_hs6_extract_2026-08-29/panel_compact.csv,
2024-12,B3_AC,Air conditioners,CORE,39.43,,,,6,8415xx,6,R,2026-08-29,01_raw_data/raw_trade_data/meidb_hs6_extract_2026-08-29/panel_compact.csv,
2024-12,B4_TEXTILE,MMF fabrics (PLI Textiles Annexure-II),ROBUSTNESS,91.12,,,,6,14 named codes,14,R,2026-08-29,01_raw_data/raw_trade_data/meidb_hs6_extract_2026-08-29/panel_compact.csv,
2024-12,C1_LEATHER,Leather goods,CONTROL,218.98,,,,6,Chapter 42,20,R,2026-08-29,01_raw_data/raw_trade_data/meidb_hs6_extract_2026-08-29/panel_compact.csv,
2024-12,C2_FOOTWEAR,Footwear,CONTROL,220.02,,,,6,Chapter 64,25,R,2026-08-29,01_raw_data/raw_trade_data/meidb_hs6_extract_2026-08-29/panel_compact.csv,
2024-12,C3_COTTON,Cotton woven fabrics,CONTROL,182.62,,,,6,5208-5212,70,R,2026-08-29,01_raw_data/raw_trade_data/meidb_hs6_extract_2026-08-29/panel_compact.csv,
2025-01,B1_MOBILE,Electronics - telephone sets (HS 8517.1x proxy for the PLI-LSEM mobile-phone segment),CORE,2930.01,,,,6,851711|851712|851713|851714|851718,5,R,2026-08-29,01_raw_data/raw_trade_data/meidb_hs6_extract_2026-08-29/panel_compact.csv,
2025-01,B2_PHARMA,Pharmaceutical formulations,CORE,1897.3,,,,6,3003xx+3004xx,20,R,2026-08-29,01_raw_data/raw_trade_data/meidb_hs6_extract_2026-08-29/panel_compact.csv,
2025-01,B3_AC,Air conditioners,CORE,37.21,,,,6,8415xx,6,R,2026-08-29,01_raw_data/raw_trade_data/meidb_hs6_extract_2026-08-29/panel_compact.csv,
2025-01,B4_TEXTILE,MMF fabrics (PLI Textiles Annexure-II),ROBUSTNESS,101.38,,,,6,14 named codes,14,R,2026-08-29,01_raw_data/raw_trade_data/meidb_hs6_extract_2026-08-29/panel_compact.csv,
2025-01,C1_LEATHER,Leather goods,CONTROL,234.48,,,,6,Chapter 42,20,R,2026-08-29,01_raw_data/raw_trade_data/meidb_hs6_extract_2026-08-29/panel_compact.csv,
2025-01,C2_FOOTWEAR,Footwear,CONTROL,219.7,,,,6,Chapter 64,25,R,2026-08-29,01_raw_data/raw_trade_data/meidb_hs6_extract_2026-08-29/panel_compact.csv,
2025-01,C3_COTTON,Cotton woven fabrics,CONTROL,185.52,,,,6,5208-5212,70,R,2026-08-29,01_raw_data/raw_trade_data/meidb_hs6_extract_2026-08-29/panel_compact.csv,
2025-02,B1_MOBILE,Electronics - telephone sets (HS 8517.1x proxy for the PLI-LSEM mobile-phone segment),CORE,2664.31,,,,6,851711|851712|851713|851714|851718,5,R,2026-08-29,01_raw_data/raw_trade_data/meidb_hs6_extract_2026-08-29/panel_compact.csv,
2025-02,B2_PHARMA,Pharmaceutical formulations,CORE,1828.88,,,,6,3003xx+3004xx,20,R,2026-08-29,01_raw_data/raw_trade_data/meidb_hs6_extract_2026-08-29/panel_compact.csv,
2025-02,B3_AC,Air conditioners,CORE,38.02,,,,6,8415xx,6,R,2026-08-29,01_raw_data/raw_trade_data/meidb_hs6_extract_2026-08-29/panel_compact.csv,
2025-02,B4_TEXTILE,MMF fabrics (PLI Textiles Annexure-II),ROBUSTNESS,98.05,,,,6,14 named codes,14,R,2026-08-29,01_raw_data/raw_trade_data/meidb_hs6_extract_2026-08-29/panel_compact.csv,
2025-02,C1_LEATHER,Leather goods,CONTROL,200.73,,,,6,Chapter 42,20,R,2026-08-29,01_raw_data/raw_trade_data/meidb_hs6_extract_2026-08-29/panel_compact.csv,
2025-02,C2_FOOTWEAR,Footwear,CONTROL,202.69,,,,6,Chapter 64,25,R,2026-08-29,01_raw_data/raw_trade_data/meidb_hs6_extract_2026-08-29/panel_compact.csv,
2025-02,C3_COTTON,Cotton woven fabrics,CONTROL,172.51,,,,6,5208-5212,70,R,2026-08-29,01_raw_data/raw_trade_data/meidb_hs6_extract_2026-08-29/panel_compact.csv,
2025-03,B1_MOBILE,Electronics - telephone sets (HS 8517.1x proxy for the PLI-LSEM mobile-phone segment),CORE,3166.91,,,,6,851711|851712|851713|851714|851718,5,R,2026-08-29,01_raw_data/raw_trade_data/meidb_hs6_extract_2026-08-29/panel_compact.csv,
2025-03,B2_PHARMA,Pharmaceutical formulations,CORE,2735.13,,,,6,3003xx+3004xx,20,R,2026-08-29,01_raw_data/raw_trade_data/meidb_hs6_extract_2026-08-29/panel_compact.csv,
2025-03,B3_AC,Air conditioners,CORE,48.06,,,,6,8415xx,6,R,2026-08-29,01_raw_data/raw_trade_data/meidb_hs6_extract_2026-08-29/panel_compact.csv,
2025-03,B4_TEXTILE,MMF fabrics (PLI Textiles Annexure-II),ROBUSTNESS,103.16,,,,6,14 named codes,14,R,2026-08-29,01_raw_data/raw_trade_data/meidb_hs6_extract_2026-08-29/panel_compact.csv,
2025-03,C1_LEATHER,Leather goods,CONTROL,221.03,,,,6,Chapter 42,20,R,2026-08-29,01_raw_data/raw_trade_data/meidb_hs6_extract_2026-08-29/panel_compact.csv,
2025-03,C2_FOOTWEAR,Footwear,CONTROL,206.84,,,,6,Chapter 64,25,R,2026-08-29,01_raw_data/raw_trade_data/meidb_hs6_extract_2026-08-29/panel_compact.csv,
2025-03,C3_COTTON,Cotton woven fabrics,CONTROL,188.84,,,,6,5208-5212,70,R,2026-08-29,01_raw_data/raw_trade_data/meidb_hs6_extract_2026-08-29/panel_compact.csv,
2025-04,B1_MOBILE,Electronics - telephone sets (HS 8517.1x proxy for the PLI-LSEM mobile-phone segment),CORE,2327.03,,,,6,851711|851712|851713|851714|851718,5,R,2026-08-29,01_raw_data/raw_trade_data/meidb_hs6_extract_2026-08-29/panel_compact.csv,
2025-04,B2_PHARMA,Pharmaceutical formulations,CORE,1850.53,,,,6,3003xx+3004xx,20,R,2026-08-29,01_raw_data/raw_trade_data/meidb_hs6_extract_2026-08-29/panel_compact.csv,
2025-04,B3_AC,Air conditioners,CORE,39.06,,,,6,8415xx,6,R,2026-08-29,01_raw_data/raw_trade_data/meidb_hs6_extract_2026-08-29/panel_compact.csv,
2025-04,B4_TEXTILE,MMF fabrics (PLI Textiles Annexure-II),ROBUSTNESS,86.3,,,,6,14 named codes,14,R,2026-08-29,01_raw_data/raw_trade_data/meidb_hs6_extract_2026-08-29/panel_compact.csv,
2025-04,C1_LEATHER,Leather goods,CONTROL,191.75,,,,6,Chapter 42,20,R,2026-08-29,01_raw_data/raw_trade_data/meidb_hs6_extract_2026-08-29/panel_compact.csv,
2025-04,C2_FOOTWEAR,Footwear,CONTROL,187.57,,,,6,Chapter 64,25,R,2026-08-29,01_raw_data/raw_trade_data/meidb_hs6_extract_2026-08-29/panel_compact.csv,
2025-04,C3_COTTON,Cotton woven fabrics,CONTROL,163.5,,,,6,5208-5212,70,R,2026-08-29,01_raw_data/raw_trade_data/meidb_hs6_extract_2026-08-29/panel_compact.csv,
2025-05,B1_MOBILE,Electronics - telephone sets (HS 8517.1x proxy for the PLI-LSEM mobile-phone segment),CORE,2964.76,,,,6,851711|851712|851713|851714|851718,5,R,2026-08-29,01_raw_data/raw_trade_data/meidb_hs6_extract_2026-08-29/panel_compact.csv,
2025-05,B2_PHARMA,Pharmaceutical formulations,CORE,1821.61,,,,6,3003xx+3004xx,20,R,2026-08-29,01_raw_data/raw_trade_data/meidb_hs6_extract_2026-08-29/panel_compact.csv,
2025-05,B3_AC,Air conditioners,CORE,43.06,,,,6,8415xx,6,R,2026-08-29,01_raw_data/raw_trade_data/meidb_hs6_extract_2026-08-29/panel_compact.csv,
2025-05,B4_TEXTILE,MMF fabrics (PLI Textiles Annexure-II),ROBUSTNESS,93.26,,,,6,14 named codes,14,R,2026-08-29,01_raw_data/raw_trade_data/meidb_hs6_extract_2026-08-29/panel_compact.csv,
2025-05,C1_LEATHER,Leather goods,CONTROL,228.91,,,,6,Chapter 42,20,R,2026-08-29,01_raw_data/raw_trade_data/meidb_hs6_extract_2026-08-29/panel_compact.csv,
2025-05,C2_FOOTWEAR,Footwear,CONTROL,220.95,,,,6,Chapter 64,25,R,2026-08-29,01_raw_data/raw_trade_data/meidb_hs6_extract_2026-08-29/panel_compact.csv,
2025-05,C3_COTTON,Cotton woven fabrics,CONTROL,160.57,,,,6,5208-5212,70,R,2026-08-29,01_raw_data/raw_trade_data/meidb_hs6_extract_2026-08-29/panel_compact.csv,
2025-06,B1_MOBILE,Electronics - telephone sets (HS 8517.1x proxy for the PLI-LSEM mobile-phone segment),CORE,2688.25,,,,6,851711|851712|851713|851714|851718,5,R,2026-08-29,01_raw_data/raw_trade_data/meidb_hs6_extract_2026-08-29/panel_compact.csv,
2025-06,B2_PHARMA,Pharmaceutical formulations,CORE,1924.83,,,,6,3003xx+3004xx,20,R,2026-08-29,01_raw_data/raw_trade_data/meidb_hs6_extract_2026-08-29/panel_compact.csv,
2025-06,B3_AC,Air conditioners,CORE,42.33,,,,6,8415xx,6,R,2026-08-29,01_raw_data/raw_trade_data/meidb_hs6_extract_2026-08-29/panel_compact.csv,
2025-06,B4_TEXTILE,MMF fabrics (PLI Textiles Annexure-II),ROBUSTNESS,72.93,,,,6,14 named codes,14,R,2026-08-29,01_raw_data/raw_trade_data/meidb_hs6_extract_2026-08-29/panel_compact.csv,
2025-06,C1_LEATHER,Leather goods,CONTROL,229.07,,,,6,Chapter 42,20,R,2026-08-29,01_raw_data/raw_trade_data/meidb_hs6_extract_2026-08-29/panel_compact.csv,
2025-06,C2_FOOTWEAR,Footwear,CONTROL,228.89,,,,6,Chapter 64,25,R,2026-08-29,01_raw_data/raw_trade_data/meidb_hs6_extract_2026-08-29/panel_compact.csv,
2025-06,C3_COTTON,Cotton woven fabrics,CONTROL,146.75,,,,6,5208-5212,70,R,2026-08-29,01_raw_data/raw_trade_data/meidb_hs6_extract_2026-08-29/panel_compact.csv,
2025-07,B1_MOBILE,Electronics - telephone sets (HS 8517.1x proxy for the PLI-LSEM mobile-phone segment),CORE,2206.24,,,,6,851711|851712|851713|851714|851718,5,R,2026-08-29,01_raw_data/raw_trade_data/meidb_hs6_extract_2026-08-29/panel_compact.csv,
2025-07,B2_PHARMA,Pharmaceutical formulations,CORE,1938.47,,,,6,3003xx+3004xx,20,R,2026-08-29,01_raw_data/raw_trade_data/meidb_hs6_extract_2026-08-29/panel_compact.csv,
2025-07,B3_AC,Air conditioners,CORE,41.55,,,,6,8415xx,6,R,2026-08-29,01_raw_data/raw_trade_data/meidb_hs6_extract_2026-08-29/panel_compact.csv,
2025-07,B4_TEXTILE,MMF fabrics (PLI Textiles Annexure-II),ROBUSTNESS,89.35,,,,6,14 named codes,14,R,2026-08-29,01_raw_data/raw_trade_data/meidb_hs6_extract_2026-08-29/panel_compact.csv,
2025-07,C1_LEATHER,Leather goods,CONTROL,256.11,,,,6,Chapter 42,20,R,2026-08-29,01_raw_data/raw_trade_data/meidb_hs6_extract_2026-08-29/panel_compact.csv,
2025-07,C2_FOOTWEAR,Footwear,CONTROL,270.06,,,,6,Chapter 64,25,R,2026-08-29,01_raw_data/raw_trade_data/meidb_hs6_extract_2026-08-29/panel_compact.csv,
2025-07,C3_COTTON,Cotton woven fabrics,CONTROL,163.05,,,,6,5208-5212,70,R,2026-08-29,01_raw_data/raw_trade_data/meidb_hs6_extract_2026-08-29/panel_compact.csv,
2025-08,B1_MOBILE,Electronics - telephone sets (HS 8517.1x proxy for the PLI-LSEM mobile-phone segment),CORE,1527.75,,,,6,851711|851712|851713|851714|851718,5,R,2026-08-29,01_raw_data/raw_trade_data/meidb_hs6_extract_2026-08-29/panel_compact.csv,
2025-08,B2_PHARMA,Pharmaceutical formulations,CORE,1771.32,,,,6,3003xx+3004xx,20,R,2026-08-29,01_raw_data/raw_trade_data/meidb_hs6_extract_2026-08-29/panel_compact.csv,
2025-08,B3_AC,Air conditioners,CORE,37.82,,,,6,8415xx,6,R,2026-08-29,01_raw_data/raw_trade_data/meidb_hs6_extract_2026-08-29/panel_compact.csv,
2025-08,B4_TEXTILE,MMF fabrics (PLI Textiles Annexure-II),ROBUSTNESS,84.02,,,,6,14 named codes,14,R,2026-08-29,01_raw_data/raw_trade_data/meidb_hs6_extract_2026-08-29/panel_compact.csv,
2025-08,C1_LEATHER,Leather goods,CONTROL,251.24,,,,6,Chapter 42,20,R,2026-08-29,01_raw_data/raw_trade_data/meidb_hs6_extract_2026-08-29/panel_compact.csv,
2025-08,C2_FOOTWEAR,Footwear,CONTROL,231.02,,,,6,Chapter 64,25,R,2026-08-29,01_raw_data/raw_trade_data/meidb_hs6_extract_2026-08-29/panel_compact.csv,
2025-08,C3_COTTON,Cotton woven fabrics,CONTROL,165.68,,,,6,5208-5212,70,R,2026-08-29,01_raw_data/raw_trade_data/meidb_hs6_extract_2026-08-29/panel_compact.csv,
2025-09,B1_MOBILE,Electronics - telephone sets (HS 8517.1x proxy for the PLI-LSEM mobile-phone segment),CORE,1683.45,,,,6,851711|851712|851713|851714|851718,5,R,2026-08-29,01_raw_data/raw_trade_data/meidb_hs6_extract_2026-08-29/panel_compact.csv,
2025-09,B2_PHARMA,Pharmaceutical formulations,CORE,1815.3,,,,6,3003xx+3004xx,20,R,2026-08-29,01_raw_data/raw_trade_data/meidb_hs6_extract_2026-08-29/panel_compact.csv,
2025-09,B3_AC,Air conditioners,CORE,45.67,,,,6,8415xx,6,R,2026-08-29,01_raw_data/raw_trade_data/meidb_hs6_extract_2026-08-29/panel_compact.csv,
2025-09,B4_TEXTILE,MMF fabrics (PLI Textiles Annexure-II),ROBUSTNESS,95.3,,,,6,14 named codes,14,R,2026-08-29,01_raw_data/raw_trade_data/meidb_hs6_extract_2026-08-29/panel_compact.csv,
2025-09,C1_LEATHER,Leather goods,CONTROL,221.3,,,,6,Chapter 42,20,R,2026-08-29,01_raw_data/raw_trade_data/meidb_hs6_extract_2026-08-29/panel_compact.csv,
2025-09,C2_FOOTWEAR,Footwear,CONTROL,182.83,,,,6,Chapter 64,25,R,2026-08-29,01_raw_data/raw_trade_data/meidb_hs6_extract_2026-08-29/panel_compact.csv,
2025-09,C3_COTTON,Cotton woven fabrics,CONTROL,181.35,,,,6,5208-5212,70,R,2026-08-29,01_raw_data/raw_trade_data/meidb_hs6_extract_2026-08-29/panel_compact.csv,
2025-10,B1_MOBILE,Electronics - telephone sets (HS 8517.1x proxy for the PLI-LSEM mobile-phone segment),CORE,2567.71,,,,6,851711|851712|851713|851714|851718,5,R,2026-08-29,01_raw_data/raw_trade_data/meidb_hs6_extract_2026-08-29/panel_compact.csv,
2025-10,B2_PHARMA,Pharmaceutical formulations,CORE,1675.65,,,,6,3003xx+3004xx,20,R,2026-08-29,01_raw_data/raw_trade_data/meidb_hs6_extract_2026-08-29/panel_compact.csv,
2025-10,B3_AC,Air conditioners,CORE,45.47,,,,6,8415xx,6,R,2026-08-29,01_raw_data/raw_trade_data/meidb_hs6_extract_2026-08-29/panel_compact.csv,
2025-10,B4_TEXTILE,MMF fabrics (PLI Textiles Annexure-II),ROBUSTNESS,90.04,,,,6,14 named codes,14,R,2026-08-29,01_raw_data/raw_trade_data/meidb_hs6_extract_2026-08-29/panel_compact.csv,
2025-10,C1_LEATHER,Leather goods,CONTROL,200.55,,,,6,Chapter 42,20,R,2026-08-29,01_raw_data/raw_trade_data/meidb_hs6_extract_2026-08-29/panel_compact.csv,
2025-10,C2_FOOTWEAR,Footwear,CONTROL,173.58,,,,6,Chapter 64,25,R,2026-08-29,01_raw_data/raw_trade_data/meidb_hs6_extract_2026-08-29/panel_compact.csv,
2025-10,C3_COTTON,Cotton woven fabrics,CONTROL,169.7,,,,6,5208-5212,70,R,2026-08-29,01_raw_data/raw_trade_data/meidb_hs6_extract_2026-08-29/panel_compact.csv,
2025-11,B1_MOBILE,Electronics - telephone sets (HS 8517.1x proxy for the PLI-LSEM mobile-phone segment),CORE,2920.03,,,,6,851711|851712|851713|851714|851718,5,R,2026-08-29,01_raw_data/raw_trade_data/meidb_hs6_extract_2026-08-29/panel_compact.csv,
2025-11,B2_PHARMA,Pharmaceutical formulations,CORE,1840.9,,,,6,3003xx+3004xx,20,R,2026-08-29,01_raw_data/raw_trade_data/meidb_hs6_extract_2026-08-29/panel_compact.csv,
2025-11,B3_AC,Air conditioners,CORE,53.14,,,,6,8415xx,6,R,2026-08-29,01_raw_data/raw_trade_data/meidb_hs6_extract_2026-08-29/panel_compact.csv,
2025-11,B4_TEXTILE,MMF fabrics (PLI Textiles Annexure-II),ROBUSTNESS,84.39,,,,6,14 named codes,14,R,2026-08-29,01_raw_data/raw_trade_data/meidb_hs6_extract_2026-08-29/panel_compact.csv,
2025-11,C1_LEATHER,Leather goods,CONTROL,216.55,,,,6,Chapter 42,20,R,2026-08-29,01_raw_data/raw_trade_data/meidb_hs6_extract_2026-08-29/panel_compact.csv,
2025-11,C2_FOOTWEAR,Footwear,CONTROL,199.11,,,,6,Chapter 64,25,R,2026-08-29,01_raw_data/raw_trade_data/meidb_hs6_extract_2026-08-29/panel_compact.csv,
2025-11,C3_COTTON,Cotton woven fabrics,CONTROL,161.1,,,,6,5208-5212,70,R,2026-08-29,01_raw_data/raw_trade_data/meidb_hs6_extract_2026-08-29/panel_compact.csv,
2025-12,B1_MOBILE,Electronics - telephone sets (HS 8517.1x proxy for the PLI-LSEM mobile-phone segment),CORE,2508.8,,,,6,851711|851712|851713|851714|851718,5,R,2026-08-29,01_raw_data/raw_trade_data/meidb_hs6_extract_2026-08-29/panel_compact.csv,
2025-12,B2_PHARMA,Pharmaceutical formulations,CORE,1888.17,,,,6,3003xx+3004xx,20,R,2026-08-29,01_raw_data/raw_trade_data/meidb_hs6_extract_2026-08-29/panel_compact.csv,
2025-12,B3_AC,Air conditioners,CORE,51.72,,,,6,8415xx,6,R,2026-08-29,01_raw_data/raw_trade_data/meidb_hs6_extract_2026-08-29/panel_compact.csv,
2025-12,B4_TEXTILE,MMF fabrics (PLI Textiles Annexure-II),ROBUSTNESS,104.3,,,,6,14 named codes,14,R,2026-08-29,01_raw_data/raw_trade_data/meidb_hs6_extract_2026-08-29/panel_compact.csv,
2025-12,C1_LEATHER,Leather goods,CONTROL,216.97,,,,6,Chapter 42,20,R,2026-08-29,01_raw_data/raw_trade_data/meidb_hs6_extract_2026-08-29/panel_compact.csv,
2025-12,C2_FOOTWEAR,Footwear,CONTROL,209.63,,,,6,Chapter 64,25,R,2026-08-29,01_raw_data/raw_trade_data/meidb_hs6_extract_2026-08-29/panel_compact.csv,
2025-12,C3_COTTON,Cotton woven fabrics,CONTROL,182.81,,,,6,5208-5212,70,R,2026-08-29,01_raw_data/raw_trade_data/meidb_hs6_extract_2026-08-29/panel_compact.csv,
2026-01,B1_MOBILE,Electronics - telephone sets (HS 8517.1x proxy for the PLI-LSEM mobile-phone segment),CORE,2558.25,,,,6,851711|851712|851713|851714|851718,5,R,2026-08-29,01_raw_data/raw_trade_data/meidb_hs6_extract_2026-08-29/panel_compact.csv,
2026-01,B2_PHARMA,Pharmaceutical formulations,CORE,1866.8,,,,6,3003xx+3004xx,20,R,2026-08-29,01_raw_data/raw_trade_data/meidb_hs6_extract_2026-08-29/panel_compact.csv,
2026-01,B3_AC,Air conditioners,CORE,46.74,,,,6,8415xx,6,R,2026-08-29,01_raw_data/raw_trade_data/meidb_hs6_extract_2026-08-29/panel_compact.csv,
2026-01,B4_TEXTILE,MMF fabrics (PLI Textiles Annexure-II),ROBUSTNESS,111.06,,,,6,14 named codes,14,R,2026-08-29,01_raw_data/raw_trade_data/meidb_hs6_extract_2026-08-29/panel_compact.csv,
2026-01,C1_LEATHER,Leather goods,CONTROL,219.71,,,,6,Chapter 42,20,R,2026-08-29,01_raw_data/raw_trade_data/meidb_hs6_extract_2026-08-29/panel_compact.csv,
2026-01,C2_FOOTWEAR,Footwear,CONTROL,209.4,,,,6,Chapter 64,25,R,2026-08-29,01_raw_data/raw_trade_data/meidb_hs6_extract_2026-08-29/panel_compact.csv,
2026-01,C3_COTTON,Cotton woven fabrics,CONTROL,176.6,,,,6,5208-5212,70,R,2026-08-29,01_raw_data/raw_trade_data/meidb_hs6_extract_2026-08-29/panel_compact.csv,
2026-02,B1_MOBILE,Electronics - telephone sets (HS 8517.1x proxy for the PLI-LSEM mobile-phone segment),CORE,2642.06,,,,6,851711|851712|851713|851714|851718,5,R,2026-08-29,01_raw_data/raw_trade_data/meidb_hs6_extract_2026-08-29/panel_compact.csv,
2026-02,B2_PHARMA,Pharmaceutical formulations,CORE,1860.72,,,,6,3003xx+3004xx,20,R,2026-08-29,01_raw_data/raw_trade_data/meidb_hs6_extract_2026-08-29/panel_compact.csv,
2026-02,B3_AC,Air conditioners,CORE,53.79,,,,6,8415xx,6,R,2026-08-29,01_raw_data/raw_trade_data/meidb_hs6_extract_2026-08-29/panel_compact.csv,
2026-02,B4_TEXTILE,MMF fabrics (PLI Textiles Annexure-II),ROBUSTNESS,103.06,,,,6,14 named codes,14,R,2026-08-29,01_raw_data/raw_trade_data/meidb_hs6_extract_2026-08-29/panel_compact.csv,
2026-02,C1_LEATHER,Leather goods,CONTROL,212.73,,,,6,Chapter 42,20,R,2026-08-29,01_raw_data/raw_trade_data/meidb_hs6_extract_2026-08-29/panel_compact.csv,
2026-02,C2_FOOTWEAR,Footwear,CONTROL,181.14,,,,6,Chapter 64,25,R,2026-08-29,01_raw_data/raw_trade_data/meidb_hs6_extract_2026-08-29/panel_compact.csv,
2026-02,C3_COTTON,Cotton woven fabrics,CONTROL,171.85,,,,6,5208-5212,70,R,2026-08-29,01_raw_data/raw_trade_data/meidb_hs6_extract_2026-08-29/panel_compact.csv,
2026-03,B1_MOBILE,Electronics - telephone sets (HS 8517.1x proxy for the PLI-LSEM mobile-phone segment),CORE,2792.22,,,,6,851711|851712|851713|851714|851718,5,R,2026-08-29,01_raw_data/raw_trade_data/meidb_hs6_extract_2026-08-29/panel_compact.csv,
2026-03,B2_PHARMA,Pharmaceutical formulations,CORE,1972.06,,,,6,3003xx+3004xx,20,R,2026-08-29,01_raw_data/raw_trade_data/meidb_hs6_extract_2026-08-29/panel_compact.csv,
2026-03,B3_AC,Air conditioners,CORE,39.78,,,,6,8415xx,6,R,2026-08-29,01_raw_data/raw_trade_data/meidb_hs6_extract_2026-08-29/panel_compact.csv,
2026-03,B4_TEXTILE,MMF fabrics (PLI Textiles Annexure-II),ROBUSTNESS,78.89,,,,6,14 named codes,14,R,2026-08-29,01_raw_data/raw_trade_data/meidb_hs6_extract_2026-08-29/panel_compact.csv,
2026-03,C1_LEATHER,Leather goods,CONTROL,200.74,,,,6,Chapter 42,20,R,2026-08-29,01_raw_data/raw_trade_data/meidb_hs6_extract_2026-08-29/panel_compact.csv,
2026-03,C2_FOOTWEAR,Footwear,CONTROL,167.92,,,,6,Chapter 64,25,R,2026-08-29,01_raw_data/raw_trade_data/meidb_hs6_extract_2026-08-29/panel_compact.csv,
2026-03,C3_COTTON,Cotton woven fabrics,CONTROL,169.9,,,,6,5208-5212,70,R,2026-08-29,01_raw_data/raw_trade_data/meidb_hs6_extract_2026-08-29/panel_compact.csv,
